STANDARD_NAME	BIOCARTA_CDMAC_PATHWAY
SYSTEMATIC_NAME	MM1358
COLLECTION	M2:CP:BIOCARTA
MSIGDB_URL	https://www.gsea-msigdb.org/gsea/msigdb/mouse/geneset/BIOCARTA_CDMAC_PATHWAY
NAMESPACE	MOUSE_SEQ_ACCESSION
DESCRIPTION_BRIEF	Cadmium induces DNA synthesis and proliferation in macrophages
DESCRIPTION_FULL	Exposure to divalent cadmium ions (Cd2+) is a known cancer risk factor, but the molecular mechanisms responsible for the inappropriate induction of cellular proliferation by cadmium are still being figured out. One cellular model used to study this process is macrophages grown in culture. In cultured macrophages, cadmium acts both at the cell surface and in the cytoplasm to induce proliferation. At the cell surface, cadmium interacts with a pertussis-sensitive cell surface receptor, probably a Gi-coupled GPCR, to stimulate proliferation. Cadmium can enter cells through calcium ion channels and once in cells affects calcium release by the ER. In addition to changes in intracellular calcium, the proliferative effects of cadmium are mediated by the Ras/Map kinase pathway, and also NF-kB. Inhibition of phospholipase C, map kinases, or NF-kB with a variety of pharmacological inhibitors all blocked the activation of cellular proliferation by cadmium. Protein kinase C is also activated by cadmium, upstream of the Map kinase pathway. Changes in transcription induced by cadmium include induction of immediate early genes like fos, jun, and myc. In addition to inducing cellular proliferation, cadmium also is slightly genotoxic due to inhibition of DNA repair, activates stress genes, and inhibits the immune system. The immuno-modulatory effects observed with cadmium treatment may also involvement transcriptional disregulation, including the expression of cytokines such as IL-4, IL-10, and TNF-alpha. Although macrophages have been used for many studies, other cell types are also the target of cadmiums toxicity.
PMID	
GEOID	
AUTHORS	
CONTRIBUTOR	BioCarta
CONTRIBUTOR_ORG	BioCarta
EXACT_SOURCE	
FILTERED_BY_SIMILARITY	
EXTERNAL_NAMES_FOR_SIMILAR_TERMS	
EXTERNAL_DETAILS_URL	https://data.broadinstitute.org/gsea-msigdb/msigdb/biocarta/mouse/m_cdmacPathway.gif
SOURCE_MEMBERS	AK136923,NM_001038663,NM_001145830,NM_001177353,NM_008284,NM_008689,NM_008855,NM_008927,NM_009045,NM_010234,NM_010591,NM_010907,NM_011101,NM_011952,NM_013693,NM_029780
GENE_SYMBOLS	,Mapk1,Plcb1,Myc,Hras,Nfkb1,Prkcb,Map2k1,Rela,Fos,Jun,Nfkbia,Prkca,Mapk3,Tnf,Raf1
FOUNDER_NAMES	
STANDARD_NAME	GOBP_CANONICAL_WNT_SIGNALING_PATHWAY_INVOLVED_IN_REGULATION_OF_CELL_PROLIFERATION
SYSTEMATIC_NAME	MM7752
COLLECTION	M5:GO:BP
MSIGDB_URL	https://www.gsea-msigdb.org/gsea/msigdb/mouse/geneset/GOBP_CANONICAL_WNT_SIGNALING_PATHWAY_INVOLVED_IN_REGULATION_OF_CELL_PROLIFERATION
NAMESPACE	Mouse_NCBI_Gene_ID
DESCRIPTION_BRIEF	The series of molecular signals initiated by binding of a Wnt protein to a frizzled family receptor on the surface of the target cell, followed by propagation of the signal via beta-catenin, and ending with a change in transcription of target genes that contributes to modulating the rate or frequency of cell proliferation. [GOC:BHF, GOC:jl]
DESCRIPTION_FULL	
PMID	
GEOID	
AUTHORS	
CONTRIBUTOR	Gene Ontology
CONTRIBUTOR_ORG	Gene Ontology Consortium
EXACT_SOURCE	GO:0044340
FILTERED_BY_SIMILARITY	
EXTERNAL_NAMES_FOR_SIMILAR_TERMS	
EXTERNAL_DETAILS_URL	http://amigo.geneontology.org/amigo/term/GO:0044340
SOURCE_MEMBERS	12387,13543,16974,20377,22415,22416
GENE_SYMBOLS	Ctnnb1,Dvl2,Lrp6,Sfrp1,Wnt3,Wnt3a
FOUNDER_NAMES	
STANDARD_NAME	GOBP_REGULATION_OF_B_CELL_PROLIFERATION
SYSTEMATIC_NAME	MM6307
COLLECTION	M5:GO:BP
MSIGDB_URL	https://www.gsea-msigdb.org/gsea/msigdb/mouse/geneset/GOBP_REGULATION_OF_B_CELL_PROLIFERATION
NAMESPACE	Mouse_NCBI_Gene_ID
DESCRIPTION_BRIEF	Any process that modulates the frequency, rate or extent of B cell proliferation. [GOC:mah]
DESCRIPTION_FULL	
PMID	
GEOID	
AUTHORS	
CONTRIBUTOR	Gene Ontology
CONTRIBUTOR_ORG	Gene Ontology Consortium
EXACT_SOURCE	GO:0030888
FILTERED_BY_SIMILARITY	
EXTERNAL_NAMES_FOR_SIMILAR_TERMS	
EXTERNAL_DETAILS_URL	http://amigo.geneontology.org/amigo/term/GO:0030888
SOURCE_MEMBERS	105855,106759,108723,11444,114774,11486,11622,117149,11920,12043,12053,12151,12182,12229,12367,12477,12483,12484,12494,12520,12575,12578,13844,14130,16019,16149,16153,16163,16183,16187,16189,16191,16196,16331,17096,17260,17319,18019,19116,19211,19264,208154,21423,217303,21898,21939,21947,22042,22084,22163,22177,22416,227059,22780,237877,24099,243958,320795,321019,380797,381305,384783,54219,56708,57257,57916,60505,67245,69816,72049,74131,81897,94185
GENE_SYMBOLS	Nckap1l,Ticam1,Card11,Chrnb2,Pawr,Ada,Ahr,Tirap,Atm,Bcl2,Bcl6,Bmi1,Bst1,Btk,Casp3,Ctla4,Cd22,Cd24a,Cd38,Cd81,Cdkn1a,Cdkn2a,Ephb2,Fcgr2b,Ighm,Cd74,Il10,Il13,Il2,Il3,Il4,Il5,Il7,Inpp5d,Lyn,Mef2c,Mif,Nfatc2,Prlr,Pten,Ptprc,Btla,Tcf3,Cd300a,Tlr4,Cd40,Cd40lg,Tfrc,Tsc2,Tnfrsf4,Tyrobp,Wnt3a,Slc39a10,Ikzf3,Atad5,Tnfsf13b,Siglecg,Pkn1,Gpr183,Ighd,Rc3h1,Irs2,Cd320,Clcf1,Vav3,Tnfrsf13b,Il21,Peli1,Mzb1,Tnfrsf13c,Sash3,Tlr9,Tnfrsf21
FOUNDER_NAMES	
STANDARD_NAME	GOBP_REGULATION_OF_ACTIVATED_T_CELL_PROLIFERATION
SYSTEMATIC_NAME	MM8052
COLLECTION	M5:GO:BP
MSIGDB_URL	https://www.gsea-msigdb.org/gsea/msigdb/mouse/geneset/GOBP_REGULATION_OF_ACTIVATED_T_CELL_PROLIFERATION
NAMESPACE	Mouse_NCBI_Gene_ID
DESCRIPTION_BRIEF	Any process that modulates the frequency, rate or extent of activated T cell proliferation. [GOC:go_curators]
DESCRIPTION_FULL	
PMID	
GEOID	
AUTHORS	
CONTRIBUTOR	Gene Ontology
CONTRIBUTOR_ORG	Gene Ontology Consortium
EXACT_SOURCE	GO:0046006
FILTERED_BY_SIMILARITY	
EXTERNAL_NAMES_FOR_SIMILAR_TERMS	
EXTERNAL_DETAILS_URL	http://amigo.geneontology.org/amigo/term/GO:0046006
SOURCE_MEMBERS	105782,11596,11846,12231,12367,12484,12524,13856,14082,14727,14728,14732,15289,15930,16000,16002,16008,16160,16161,16173,16183,16184,16189,16453,16792,19055,19084,19122,20850,20851,21950,22164,238555,27050,27218,381305,434215,50723,54698,56532,58205,60533,66824,83430
GENE_SYMBOLS	Scrib,Ager,Arg1,Btn1a1,Casp3,Cd24a,Cd86,Epo,Fadd,Lilrb4b,Lilrb4a,Gpam,Hmgb1,Ido1,Igf1,Igf2,Igfbp2,Il12b,Il12rb1,Il18,Il2,Il2ra,Il4,Jak3,Laptm5,Ppp3ca,Prkar1a,Prnp,Stat5a,Stat5b,Tnfsf9,Tnfsf4,Btn2a2,Rps3,Slamf1,Rc3h1,Lrrc32,Icosl,Crtam,Ripk3,Pdcd1lg2,Cd274,Pycard,Il23a
FOUNDER_NAMES	
STANDARD_NAME	GOBP_POSITIVE_REGULATION_OF_T_CELL_PROLIFERATION
SYSTEMATIC_NAME	MM7373
COLLECTION	M5:GO:BP
MSIGDB_URL	https://www.gsea-msigdb.org/gsea/msigdb/mouse/geneset/GOBP_POSITIVE_REGULATION_OF_T_CELL_PROLIFERATION
NAMESPACE	Mouse_NCBI_Gene_ID
DESCRIPTION_BRIEF	Any process that activates or increases the rate or extent of T cell proliferation. [GOC:ai]
DESCRIPTION_FULL	
PMID	
GEOID	
AUTHORS	
CONTRIBUTOR	Gene Ontology
CONTRIBUTOR_ORG	Gene Ontology Consortium
EXACT_SOURCE	GO:0042102
FILTERED_BY_SIMILARITY	
EXTERNAL_NAMES_FOR_SIMILAR_TERMS	
EXTERNAL_DETAILS_URL	http://amigo.geneontology.org/amigo/term/GO:0042102
SOURCE_MEMBERS	102657,105855,108723,110557,110696,11534,11596,11629,11987,12144,12151,12479,12480,12484,12487,12501,12504,12509,12511,12519,12520,12524,12721,12772,12775,13136,13137,13641,13856,14082,14732,14963,14964,14972,14980,14985,14990,14997,14999,15000,15006,15007,15013,15015,15018,15024,15039,15040,15043,15205,15289,15944,15978,16000,16002,16008,16159,16160,16161,16168,16173,16175,16176,16183,16184,16187,16189,16193,16195,16408,16452,16453,16846,16952,16963,170776,170779,170780,170786,171285,17221,17311,17973,17974,18106,18761,18950,19055,19260,19264,192656,20304,20371,20423,20533,20737,20739,20850,20851,20963,21813,21947,21950,22034,22042,22164,22329,224753,224754,224756,224761,22637,22788,234695,240095,24047,24099,242122,27050,27218,320484,330817,333715,333883,399549,50723,54721,547431,58205,60505,60533,667803,66824,69165,72049,74131,78317,80795,83430,83945
GENE_SYMBOLS	Cd276,Nckap1l,Card11,H2-Q6,H2-M10.3,Adk,Ager,Aif1,Slc7a1,Blm,Bmi1,Cd1d1,Cd1d2,Cd24a,Cd28,Cd3e,Cd4,Cd59a,Cd6,Cd80,Cd81,Cd86,Coro1a,Ccr2,Ccr7,Cd55,Cd55b,Efnb1,Epo,Fadd,Gpam,H2-Bl,H2-D1,H2-K1,,H2-M10.1,H2-M2,H2-M9,H2-DMb1,H2-DMb2,H2-Q1,H2-Q10,H2-Q2,H2-Q4,H2-Q7,H2-T10,H2-T22,H2-T23,H2-T3,Hes1,Hmgb1,Irgm1,Ifng,Igf1,Igf2,Igfbp2,Il12a,Il12b,Il12rb1,Il15,Il18,Il1a,Il1b,Il2,Il2ra,Il3,Il4,Il6,Il6st,Itgal,Jak2,Jak3,Lep,Anxa1,Xcl1,Cd209c,Cd209d,Cd209e,Cd209a,Havcr2,Cd46,Kitl,Nck1,Nck2,Cd244a,Prkcq,Pnp,Ppp3ca,Ptpn22,Ptprc,Ripk2,Ccl5,Foxp3,Shh,Slc4a1,Spn,Spta1,Stat5a,Stat5b,Syk,Tgfbr2,Cd40lg,Tnfsf9,Traf6,Tfrc,Tnfsf4,Vcam1,H2-M10.4,H2-M11,H2-M1,H2-M10.5,Zap70,Zp3,Carmil2,H2-M5,Ccl19,Tnfsf13b,Vtcn1,Rps3,Slamf1,Rasal3,Dhps,H2-M10.2,Cd59b,H2-M10.6,Icosl,Tyk2,Btnl2,Pdcd1lg2,Il21,Cd274,H2-T-ps,Pycard,Cd209b,Tnfrsf13c,Sash3,Ccdc88b,Selenok,Il23a,Dnaja3
FOUNDER_NAMES	
STANDARD_NAME	GOBP_POSITIVE_REGULATION_OF_PEROXISOME_PROLIFERATOR_ACTIVATED_RECEPTOR_SIGNALING_PATHWAY
SYSTEMATIC_NAME	MM7089
COLLECTION	M5:GO:BP
MSIGDB_URL	https://www.gsea-msigdb.org/gsea/msigdb/mouse/geneset/GOBP_POSITIVE_REGULATION_OF_PEROXISOME_PROLIFERATOR_ACTIVATED_RECEPTOR_SIGNALING_PATHWAY
NAMESPACE	Mouse_NCBI_Gene_ID
DESCRIPTION_BRIEF	Any process that activates or increases the frequency, rate or extent of the peroxisome proliferator activated receptor signaling pathway. [GOC:bf]
DESCRIPTION_FULL	
PMID	
GEOID	
AUTHORS	
CONTRIBUTOR	Gene Ontology
CONTRIBUTOR_ORG	Gene Ontology Consortium
EXACT_SOURCE	GO:0035360
FILTERED_BY_SIMILARITY	
EXTERNAL_NAMES_FOR_SIMILAR_TERMS	
EXTERNAL_DETAILS_URL	http://amigo.geneontology.org/amigo/term/GO:0035360
SOURCE_MEMBERS	109593,11688,12156,16592,16846,17684,19223,56018,56310,75302
GENE_SYMBOLS	Lmo3,Alox8,Bmp2,Fabp5,Lep,Cited2,Ptgis,Stard10,Gps2,Asxl2
FOUNDER_NAMES	
STANDARD_NAME	GOBP_POSITIVE_REGULATION_OF_LEUKOCYTE_PROLIFERATION
SYSTEMATIC_NAME	MM9601
COLLECTION	M5:GO:BP
MSIGDB_URL	https://www.gsea-msigdb.org/gsea/msigdb/mouse/geneset/GOBP_POSITIVE_REGULATION_OF_LEUKOCYTE_PROLIFERATION
NAMESPACE	Mouse_NCBI_Gene_ID
DESCRIPTION_BRIEF	Any process that activates or increases the frequency, rate or extent of leukocyte proliferation. [GOC:add, GOC:mah]
DESCRIPTION_FULL	
PMID	
GEOID	
AUTHORS	
CONTRIBUTOR	Gene Ontology
CONTRIBUTOR_ORG	Gene Ontology Consortium
EXACT_SOURCE	GO:0070665
FILTERED_BY_SIMILARITY	GO:0032946,GO:0050671
EXTERNAL_NAMES_FOR_SIMILAR_TERMS	positive regulation of mononuclear cell proliferation|positive regulation of lymphocyte proliferation
EXTERNAL_DETAILS_URL	http://amigo.geneontology.org/amigo/term/GO:0070665
SOURCE_MEMBERS	102657,105855,106759,108723,110557,110696,11444,11486,11534,11596,11629,117149,11987,12043,12048,12053,12144,12151,12182,12229,12479,12480,12484,12487,12494,12501,12504,12509,12511,12519,12520,12524,12575,12721,12772,12775,12977,12978,12981,12982,12983,12984,13136,13137,13641,13844,13856,14082,14083,14165,14256,14732,14963,14964,14972,14980,14985,14990,14997,14999,15000,15006,15007,15013,15015,15018,15024,15039,15040,15043,15205,15289,15944,15978,16000,16002,16008,16019,16149,16159,16160,16161,16163,16168,16173,16175,16176,16183,16184,16187,16189,16191,16193,16195,16196,16408,16452,16453,16590,16846,16952,16963,170776,170779,170780,170786,17096,171285,17221,17260,17311,17319,17480,17874,17973,17974,18019,18101,18106,18761,18950,19055,19116,19226,19260,19264,192656,19354,20304,20371,20423,20440,20533,20737,20739,20850,20851,20963,21333,21336,21423,21813,21898,21939,21947,21950,22034,22042,22163,22164,22329,22416,224753,224754,224756,224761,22637,227059,22788,234695,237877,240095,24047,24099,242122,26413,26417,27050,27218,320484,321019,329559,330817,333715,333883,380797,384783,399549,50723,54219,54721,547431,56637,56708,57257,58205,60505,60533,667803,66824,67245,68039,69165,72049,74131,74614,76527,78317,80795,81897,83430,83945
GENE_SYMBOLS	Cd276,Nckap1l,Ticam1,Card11,H2-Q6,H2-M10.3,Chrnb2,Ada,Adk,Ager,Aif1,Tirap,Slc7a1,Bcl2,Bcl2l1,Bcl6,Blm,Bmi1,Bst1,Btk,Cd1d1,Cd1d2,Cd24a,Cd28,Cd38,Cd3e,Cd4,Cd59a,Cd6,Cd80,Cd81,Cd86,Cdkn1a,Coro1a,Ccr2,Ccr7,Csf1,Csf1r,Csf2,Csf2ra,Csf2rb,Csf2rb2,Cd55,Cd55b,Efnb1,Ephb2,Epo,Fadd,Ptk2,Fgf10,Flt3l,Gpam,H2-Bl,H2-D1,H2-K1,,H2-M10.1,H2-M2,H2-M9,H2-DMb1,H2-DMb2,H2-Q1,H2-Q10,H2-Q2,H2-Q4,H2-Q7,H2-T10,H2-T22,H2-T23,H2-T3,Hes1,Hmgb1,Irgm1,Ifng,Igf1,Igf2,Igfbp2,Ighm,Cd74,Il12a,Il12b,Il12rb1,Il13,Il15,Il18,Il1a,Il1b,Il2,Il2ra,Il3,Il4,Il5,Il6,Il6st,Il7,Itgal,Jak2,Jak3,Kit,Lep,Anxa1,Xcl1,Cd209c,Cd209d,Cd209e,Cd209a,Lyn,Havcr2,Cd46,Mef2c,Kitl,Mif,Mpl,Myd88,Nck1,Nck2,Nfatc2,Nmbr,Cd244a,Prkcq,Pnp,Ppp3ca,Prlr,Pth,Ptpn22,Ptprc,Ripk2,Rac2,Ccl5,Foxp3,Shh,St6gal1,Slc4a1,Spn,Spta1,Stat5a,Stat5b,Syk,Tac1,Tacr1,Tcf3,Tgfbr2,Tlr4,Cd40,Cd40lg,Tnfsf9,Traf6,Tfrc,Tnfrsf4,Tnfsf4,Vcam1,Wnt3a,H2-M10.4,H2-M11,H2-M1,H2-M10.5,Zap70,Slc39a10,Zp3,Carmil2,Atad5,H2-M5,Ccl19,Tnfsf13b,Vtcn1,Mapk1,Mapk3,Rps3,Slamf1,Rasal3,Gpr183,Zfp335,Dhps,H2-M10.2,Cd59b,Ighd,Irs2,H2-M10.6,Icosl,Cd320,Tyk2,Btnl2,Gsk3b,Clcf1,Vav3,Pdcd1lg2,Il21,Cd274,H2-T-ps,Pycard,Peli1,Nmb,Cd209b,Tnfrsf13c,Sash3,Ocstamp,Il34,Ccdc88b,Selenok,Tlr9,Il23a,Dnaja3
FOUNDER_NAMES	
STANDARD_NAME	GOBP_POSITIVE_REGULATION_OF_IMMATURE_T_CELL_PROLIFERATION
SYSTEMATIC_NAME	MM6775
COLLECTION	M5:GO:BP
MSIGDB_URL	https://www.gsea-msigdb.org/gsea/msigdb/mouse/geneset/GOBP_POSITIVE_REGULATION_OF_IMMATURE_T_CELL_PROLIFERATION
NAMESPACE	Mouse_NCBI_Gene_ID
DESCRIPTION_BRIEF	Any process that activates or increases the frequency, rate or extent of immature T cell proliferation. [GOC:add, GOC:mah]
DESCRIPTION_FULL	
PMID	
GEOID	
AUTHORS	
CONTRIBUTOR	Gene Ontology
CONTRIBUTOR_ORG	Gene Ontology Consortium
EXACT_SOURCE	GO:0033091
FILTERED_BY_SIMILARITY	GO:0033092
EXTERNAL_NAMES_FOR_SIMILAR_TERMS	positive regulation of immature T cell proliferation in thymus
EXTERNAL_DETAILS_URL	http://amigo.geneontology.org/amigo/term/GO:0033091
SOURCE_MEMBERS	12144,12151,16175,16176,192656,20371,20423
GENE_SYMBOLS	Blm,Bmi1,Il1a,Il1b,Ripk2,Foxp3,Shh
FOUNDER_NAMES	
STANDARD_NAME	GOBP_POSITIVE_REGULATION_OF_HEMATOPOIETIC_STEM_CELL_PROLIFERATION
SYSTEMATIC_NAME	MM10798
COLLECTION	M5:GO:BP
MSIGDB_URL	https://www.gsea-msigdb.org/gsea/msigdb/mouse/geneset/GOBP_POSITIVE_REGULATION_OF_HEMATOPOIETIC_STEM_CELL_PROLIFERATION
NAMESPACE	Mouse_NCBI_Gene_ID
DESCRIPTION_BRIEF	Any process that activates or increases the frequency, rate or extent of hematopoietic stem cell proliferation. [GOC:TermGenie, PMID:23403623]
DESCRIPTION_FULL	
PMID	
GEOID	
AUTHORS	
CONTRIBUTOR	Gene Ontology
CONTRIBUTOR_ORG	Gene Ontology Consortium
EXACT_SOURCE	GO:1902035
FILTERED_BY_SIMILARITY	
EXTERNAL_NAMES_FOR_SIMILAR_TERMS	
EXTERNAL_DETAILS_URL	http://amigo.geneontology.org/amigo/term/GO:1902035
SOURCE_MEMBERS	14825,17311,18567,18812,217127,21832,22408,22410,22418,381695,52335
GENE_SYMBOLS	Cxcl1,Kitl,Pdcd2,Prl2c3,Kat7,Thpo,Wnt1,Wnt10b,Wnt5a,N4bp2l2,Atxn1l
FOUNDER_NAMES	
STANDARD_NAME	GOBP_POSITIVE_REGULATION_OF_CELL_PROLIFERATION_IN_BONE_MARROW
SYSTEMATIC_NAME	MM9828
COLLECTION	M5:GO:BP
MSIGDB_URL	https://www.gsea-msigdb.org/gsea/msigdb/mouse/geneset/GOBP_POSITIVE_REGULATION_OF_CELL_PROLIFERATION_IN_BONE_MARROW
NAMESPACE	Mouse_NCBI_Gene_ID
DESCRIPTION_BRIEF	A process that activates or increases the frequency, rate or extent of cell proliferation in the bone marrow. [GOC:mah, GOC:yaf, PMID:17063141]
DESCRIPTION_FULL	
PMID	
GEOID	
AUTHORS	
CONTRIBUTOR	Gene Ontology
CONTRIBUTOR_ORG	Gene Ontology Consortium
EXACT_SOURCE	GO:0071864
FILTERED_BY_SIMILARITY	
EXTERNAL_NAMES_FOR_SIMILAR_TERMS	
EXTERNAL_DETAILS_URL	http://amigo.geneontology.org/amigo/term/GO:0071864
SOURCE_MEMBERS	14183,14184,14256,15364,16193,16842,17260,19226,20416,26406,723814
GENE_SYMBOLS	Fgfr2,Fgfr3,Flt3l,Hmga2,Il6,Lef1,Mef2c,Pth,Shc1,Map3k3,Mir223
FOUNDER_NAMES	
STANDARD_NAME	GOBP_POSITIVE_REGULATION_OF_CELL_POPULATION_PROLIFERATION
SYSTEMATIC_NAME	MM5155
COLLECTION	M5:GO:BP
MSIGDB_URL	https://www.gsea-msigdb.org/gsea/msigdb/mouse/geneset/GOBP_POSITIVE_REGULATION_OF_CELL_POPULATION_PROLIFERATION
NAMESPACE	Mouse_NCBI_Gene_ID
DESCRIPTION_BRIEF	Any process that activates or increases the rate or extent of cell proliferation. [GOC:go_curators]
DESCRIPTION_FULL	
PMID	
GEOID	
AUTHORS	
CONTRIBUTOR	Gene Ontology
CONTRIBUTOR_ORG	Gene Ontology Consortium
EXACT_SOURCE	GO:0008284
FILTERED_BY_SIMILARITY	
EXTERNAL_NAMES_FOR_SIMILAR_TERMS	
EXTERNAL_DETAILS_URL	http://amigo.geneontology.org/amigo/term/GO:0008284
SOURCE_MEMBERS	100012,100017,100038489,100040531,100040563,100041286,100042493,100294583,100310872,100862177,101056014,101314,101513,101540,101565,102060,102640106,102657,102774,103199,103742,103967,104156,104215,104252,104445,104479,104625,105244208,105246,105349,105387,105787,105855,106298,106759,107035,107587,107746,107765,107771,107849,107995,108037,108058,108100,108138,108655,108660,108672,108686,108723,109299,109648,109689,109880,109905,110109,110355,110557,110606,110696,11350,11352,114142,11423,11426,11444,114602,11461,11482,11486,11487,11491,11504,11516,11534,11535,11538,11541,11555,11567,11595,11596,11603,11606,11607,11608,11609,11629,11651,11652,11670,11677,11682,11684,116852,116871,116872,116891,117149,11727,11730,11731,11740,11757,11770,11771,11785,11789,11816,11826,11835,11839,118454,11846,11855,11858,11864,11881,11908,11909,11910,11932,11977,11987,11998,12000,12009,12015,12032,12043,12048,12053,12054,12055,12064,12144,12151,12154,12156,12159,12160,12161,12162,12165,12166,12168,12173,12182,12211,12223,12229,12257,12267,12273,12305,12306,12316,12317,12323,12361,12374,12387,12389,12390,12391,12393,12396,12424,12426,12428,12443,12444,12445,12447,12479,12480,12484,12487,12492,12494,12501,12504,12509,12511,12519,12520,12524,12530,12534,12540,12545,12554,12560,12561,12566,12567,12571,12575,12576,12591,12631,12633,12667,12677,12721,12737,12741,12759,12765,12766,12771,12772,12775,12785,12796,12801,12803,12804,12805,12808,12822,12845,12856,12877,12904,12918,12929,12931,12944,12950,12977,12978,12981,12982,12983,12984,12985,13003,13004,13010,13036,13047,13048,13051,13052,13057,13123,13136,13137,13169,13176,13190,13193,13211,13345,13383,13385,13388,13395,13396,13405,13430,13433,13482,13489,13490,13508,13529,13542,13544,13555,13557,13601,13609,13614,13615,13616,13617,13618,13631,13640,13641,13642,13645,13649,13653,13655,13660,13690,13728,13731,13803,13835,13837,13838,13844,13856,13857,13860,13866,13867,13869,13874,13982,14025,14048,14056,140570,140571,14061,14062,14063,14066,140810,14082,14083,14086,14103,14114,14123,14158,14159,14164,14165,14170,14171,14172,14173,14174,14175,14176,14177,14178,14179,14180,14181,14182,14183,14184,14186,14205,14219,14226,14235,14254,14256,14257,14265,14268,14272,14284,14297,14348,14360,14362,14365,14366,14369,14371,14389,14451,14456,14460,14461,14463,14465,14534,14538,14566,14567,14573,14580,14595,14601,14602,14632,14633,14634,14645,14652,14678,14679,14682,14683,14707,14725,14732,14766,14773,14810,14824,14825,14828,14963,14964,14972,14980,14985,14990,14997,14999,15000,15006,15007,15013,15015,15018,15024,15039,15040,15043,15114,15117,15162,15163,15170,15182,15184,15194,15200,15205,15208,15214,15227,15228,15234,15235,15251,15257,15258,15284,15289,15357,15364,15368,15370,15372,15387,15400,15442,15446,15451,15461,15469,15507,15519,15530,15551,15558,15559,15566,15572,15586,15901,15902,15904,15944,15945,15978,16000,16001,16002,16007,16008,16011,16019,16147,16149,16150,16153,16156,16157,16158,16159,16160,16161,16163,16164,16168,16173,16175,16176,16179,16183,16184,16187,16189,16191,16193,16194,16195,16196,16197,16202,16333,16334,16336,16337,16367,16392,16398,16400,16401,16403,16408,16410,16411,16412,16413,16416,16423,16438,16452,16453,16476,16493,16542,16568,16570,16590,16653,16728,16782,16819,16842,16846,16854,16869,16870,16873,16878,16880,16885,16952,16963,16971,16973,16974,16975,16992,16998,17002,17005,170731,17075,170776,170779,170780,170786,170799,17096,17116,17118,17128,171285,171469,17171,17172,17188,17221,17242,17246,17248,17257,17260,17261,17268,17295,17311,17319,17344,17356,17357,17381,17390,17395,17420,17427,17480,17536,17537,17700,17755,17760,17762,17863,17869,17874,17919,17938,17967,17973,17974,17993,18003,18008,18010,18011,18015,18019,18024,18039,18049,18053,18080,18091,18092,18095,18101,18102,18103,18105,18106,18109,18119,18121,18124,18128,18129,18131,18148,18168,18176,18186,18189,18198,18205,18208,18211,18212,18213,18214,18222,18223,18263,18392,18413,18414,18420,18439,18442,18472,18479,18481,18483,18489,18504,18505,18508,18509,18514,18519,18546,18567,18570,18590,18591,18595,18596,18606,18609,18643,18654,18667,18673,18706,18707,18708,18712,18736,18742,18747,18750,18755,18759,18760,18761,18762,18775,18776,18778,18781,18783,18787,18792,18803,18811,18812,18814,18816,18829,18844,18845,18846,18854,18933,18950,18983,18992,18993,18997,19014,19015,19017,19047,19055,19090,19109,19110,19111,19112,19113,19114,19116,19130,19141,19204,19205,19211,192119,192156,192167,192176,19219,19220,192212,19225,19226,19227,19228,19229,19230,19242,19259,19260,19264,192656,19266,19268,19275,19283,19290,19317,193385,19353,19354,19363,19378,19385,19401,19411,19417,19649,19664,19692,19693,19694,19695,19697,19699,19713,19716,19735,19762,19876,19888,20104,20163,20185,20196,20202,20203,20204,20222,20238,20254,20256,20257,20266,20271,20289,20292,20296,20304,20311,20312,20315,20317,20319,20320,20354,20356,20361,20371,20377,20393,20416,20423,20429,20430,20440,20449,20459,20471,20472,20482,20533,20539,20586,20588,20616,20665,20666,20670,20674,20677,20681,20682,20683,20698,20713,20720,20737,20739,20779,207920,20807,20817,208188,208266,20841,20848,20850,20851,208647,20869,208727,20905,20908,20909,20913,20955,20963,20997,210274,210982,211323,211739,213084,21333,21336,21380,21385,21386,21388,21416,21419,21423,21432,214384,214459,215028,215029,216166,216344,216439,21648,216616,21667,216739,216856,217127,217369,21752,21770,217715,21785,217946,21802,21803,21807,21808,21809,21812,21813,21814,21815,21816,21817,21821,21825,21828,21832,21834,218397,21843,21844,21857,218624,21872,218952,21898,219033,21907,21908,219103,21923,21926,21929,21939,21947,21950,21985,22033,22034,22041,22042,22061,22067,22084,22095,22160,22163,22164,22240,223255,22329,22339,22340,22341,22346,22349,22352,22353,22359,223593,223650,22368,22402,22408,22410,22413,22415,22416,224171,22418,22421,22422,22433,224617,224753,224754,224756,224761,225467,225523,225849,22601,22637,226841,227059,227289,227541,22762,22788,228550,228852,228880,229320,229534,229715,230379,230598,230872,231051,231225,231464,231507,231580,231633,231672,232415,232560,232906,232944,233038,233064,233406,233489,233571,233904,234267,234593,234695,234723,234776,235072,235180,235442,235611,237038,237625,237877,23789,23790,23796,23797,23808,238276,23834,23854,23871,23876,238871,23892,239273,239364,23937,23938,23963,23965,23967,23969,23991,23992,23999,24001,240095,240185,24047,240641,24099,241035,24111,24136,241514,242122,242274,242602,242620,242687,242748,243725,243743,243842,244058,244218,244667,245474,245886,246048,246691,252838,257632,260409,26395,26396,26406,26408,26409,26413,26416,26417,26419,26563,26564,266632,267019,268697,268902,268996,26903,269254,269344,269397,269878,270152,27050,27083,271639,271849,27218,27260,27279,27354,27372,27401,28078,28106,29819,29875,30053,30838,30878,30923,30951,319583,319740,319757,319939,319974,320484,320563,320840,321019,327826,328365,328572,329165,329278,329421,329559,329795,330790,330817,330863,330914,330938,331461,332110,333715,333883,347712,353047,353156,353310,380713,380797,381022,381126,381293,381457,381530,381570,381644,381695,382056,382253,384783,385354,387142,387201,387233,399549,404710,433693,433759,503844,50701,50721,50723,50769,50791,50884,50887,51810,52163,52335,52513,52615,52822,52906,53378,53404,53603,53605,53624,53626,53817,53860,53868,53872,541307,54140,54198,54214,54219,54375,54485,545156,545291,54598,54633,54635,54673,54712,54721,547431,55978,56044,56213,56221,56226,56306,56320,56371,56392,56401,56426,56430,56455,56456,56632,56635,56636,56637,56644,56699,56708,56711,56717,56788,57246,57257,57264,57295,57438,574437,57810,57914,58205,58804,58805,58861,58991,58994,59002,59027,59035,59041,60505,60533,60611,620393,623781,630952,64297,64654,65019,65086,66049,66131,66175,66190,66266,66283,66333,66392,665113,66515,66549,66573,666279,666317,66713,667663,667803,66824,66830,66915,66991,66993,67000,67067,67095,67112,67122,67141,67153,67155,67245,67287,67310,67367,67414,67425,67490,67500,67505,67561,67628,67634,67666,67733,67784,67891,67996,67998,68010,68023,68039,68050,68112,68151,68169,68215,68275,68337,68493,68585,68588,68592,68667,68732,68743,68750,68833,68964,68992,69125,69165,69573,69583,69601,69683,69710,69745,69816,69871,69903,69981,70083,70237,70261,70300,70417,70445,70465,70470,70556,70620,70769,70839,70861,70891,71461,71648,71653,71690,71751,71785,71900,71920,71950,71951,71955,72007,72049,72080,72162,72278,72289,723814,723838,723950,723951,723960,72475,72504,72508,72722,72844,73178,73244,735283,73689,73703,73710,73940,74006,74011,74053,74055,74117,74131,74143,74187,74188,74370,74614,74777,74919,75296,75577,75596,75605,75769,75788,75811,75974,76089,76365,76425,76454,76527,76571,76709,76804,76846,76854,76905,76965,77006,77045,77411,77480,77889,78317,78748,78757,78832,78935,78943,791070,79456,80795,80857,80903,80913,80987,81897,83379,83430,83431,83491,83557,83702,83766,83797,83945,83946,93672,93759,94187,97064,97165,98496,98733,98845,99152,99296,99375,99412,99662,99982
GENE_SYMBOLS	Oog3,Ldlrap1,Apela,Dynlt1f,Dynlt1c,Snhg15,Ccl21b,Alkal2,Dynlt1a,Ccl21d,AY036118,Brk1,Mob2,Prkd2,Ccp110,Gadd45gip1,Gm36255,Cd276,Bbs4,Fig4,Mien1,Dnm3,Etv5,Rhoq,Cdc42ep2,Cdc42ep1,Ccdc117,Cnot6,Rps6-ps4,Brd9,Akr1c18,Akr1c14,Prkaa1,Nckap1l,Rrn3,Ticam1,Fbxo38,Osr2,Rapgef1,Ankrd1,Bmyc,Prl2c5,Cdc20,Shmt2,Camk2d,Baiap2,Xrcc4,Foxp1,Rnf187,Zdhhc15,Ccdc88a,Card11,Tmem250-ps,Npy,Arrb1,Braf,Rap1a,Nop2,Grk2,H2-Q6,Fntb,H2-M10.3,Abl1,Abl2,Foxp2,Ache,Macf1,Chrnb2,Zmynd10,Actb,Acvrl1,Ada,Adam10,Adam17,Adamts1,Adcyap1,Adk,Adm,Adnp,Adora2b,Adrb2,Avil,Acan,Ager,Agrn,Agt,Agtr1a,Agtr1b,Agtr2,Aif1,Akt1,Akt2,Aldh3a1,Akr1b3,Alk,Alox12,Akr1c20,Mta3,Serpinb7,Derl2,Tirap,Ang,Ang5,Ang2,Slc25a5,Prdx3,Fabp4,Ap2a1,Apbb1,Apc,Apoe,Aqp1,Ar,Areg,Gjc2,Arg1,Arhgap5,Rnd2,Arnt2,Arsb,Atf1,Atf2,Atf3,Atp1b2,Atp7a,Slc7a1,Avp,Avpr2,Cep131,Bad,Bcan,Bcl2,Bcl2l1,Bcl6,Bcl7b,Bcl7c,Bdnf,Blm,Bmi1,Bmp10,Bmp2,Bmp4,Bmp5,Bmp6,Bmp7,Gdf2,Bmpr1a,Bmpr2,Bnc1,Bst1,Birc6,Btc,Btk,Tspo,C3ar1,C5ar1,Ddr1,Anxa2,Aspm,Calr,Camk2b,Cask,Casr,Ctnnb1,Cav1,Cav2,Cav3,Runx2,Cbfa2t2,Cck,Cckbr,Ccna2,Ccnd1,Ccnd2,Ccnd3,Ccne1,Cd1d1,Cd1d2,Cd24a,Cd28,Scarb2,Cd38,Cd3e,Cd4,Cd59a,Cd6,Cd80,Cd81,Cd86,Cdc25a,Cdk1,Cdc42,Cdc7,Cdh13,Cdh3,Cdh4,Cdk2,Cdk4,Cdk6,Cdkn1a,Cdkn1b,Cdx2,Cfl1,Cflar,Chrd,Vsx2,Coro1a,Cldn1,Cldn5,Clu,Cxcr2,Cxcr3,Ccr3,Ccr2,Ccr7,Cnbp,Camp,Cnr1,Cntf,Cntfr,Cntn1,Cobl,Col18a1,Comp,Cox17,Cpeb1,Crabp2,Crh,Crkl,Crlf1,Crp,Hapln1,Csf1,Csf1r,Csf2,Csf2ra,Csf2rb,Csf2rb2,Csf3,Vcan,Ncan,Cst3,Ctsh,Cux1,Cux2,Cx3cr1,Cxadr,Cyba,Cyp7b1,Cd55,Cd55b,Dbnl,Dcc,Dct,Dcx,Dhx9,Twist2,Dlg1,Dlg4,Dll1,Dlx5,Dlx6,Dmd,Dnm2,Dnmt1,Dpp4,Drd2,Drd3,Dscam,Prl8a2,Dvl1,Dvl3,E2f1,E2f3,Ecm1,S1pr1,Edn1,Edn2,Edn3,Ednra,Ednrb,Eef2k,Efna5,Efnb1,Efnb2,Egf,Egfr,Egr1,Egr3,Ehd1,Eif4g2,Mark2,Emp2,Enc1,Epha1,Epha3,Epha4,Ephb2,Epo,Epor,Eps8,Erbb2,Erbb3,Erbb4,Ereg,Esr1,Bcl11a,Eya1,Ezh2,Plxnb2,Plxnb3,F2,F2r,F2rl1,F3,Ttbk2,Fadd,Ptk2,Fscn1,Fasl,Fbln1,Fbrs,Fer,Fes,Fgf1,Fgf10,Fgf15,Fgf17,Fgf18,Fgf2,Fgf3,Fgf4,Fgf5,Fgf6,Fgf7,Fgf8,Fgf9,Fgfbp1,Fgfr1,Fgfr2,Fgfr3,Fgfr4,Vegfd,Ccn2,Fkbp1b,Foxm1,Flt1,Flt3l,Flt4,Fmr1,Fn1,Fnta,Fosl2,Fxn,Fut9,Fyn,Fzd1,Fzd3,Fzd4,Fzd7,Fzd9,Gab2,Gas1,Gas6,Gata1,Gata2,Gata4,Gata6,Kat2a,Gcnt2,Gdf9,Gdi1,Gdnf,Gfap,B4galt1,Ghrh,Ghrhr,Gli1,Gli2,Gli3,Glul,Glp1r,Gnai2,Gnai3,Gnaq,Gnas,Gng5,Lrp2,Gpam,Adgrg1,Grk5,Grin1,Grn,Cxcl1,Hspa5,H2-Bl,H2-D1,H2-K1,,H2-M10.1,H2-M2,H2-M9,H2-DMb1,H2-DMb2,H2-Q1,H2-Q10,H2-Q2,H2-Q4,H2-Q7,H2-T10,H2-T22,H2-T23,H2-T3,Hap1,Has2,Hck,Hcls1,Ptpn6,Hdac2,Hdac5,Htt,Hbegf,Hes1,Hes5,Hey2,Foxf1,Foxg1,Hgf,Mst1,Hif1a,Hipk1,Hipk2,Hlx,Hmgb1,Hmgcr,Hmga2,Hmox1,Nr4a1,Hmx2,Hnrnpk,Hoxa3,Hpse,Hpgd,Hpn,Hras,Prmt1,Hspb1,Hsp90aa1,Hspg2,Htr1b,Htr2a,Htr2b,Htr7,Elavl4,Hyal1,Id1,Id2,Id4,Irgm1,Cxcl10,Ifng,Igf1,Igf1r,Igf2,Ccn1,Igfbp2,Igfbp5,Ighm,Ihh,Cd74,Ikbkb,Il10,Il11,Il11ra1,Il11ra2,Il12a,Il12b,Il12rb1,Il13,Il13ra1,Il15,Il18,Il1a,Il1b,Irak1,Il2,Il2ra,Il3,Il4,Il5,Il6,Il6ra,Il6st,Il7,Il7r,Ilk,Ins1,Ins2,Insl3,Insr,Irs1,Isl1,Itga2,Itga3,Itga4,Itga6,Itgal,Itgav,Itgax,Itgb1,Itgb1bp1,Itgb3,Cd47,Itpr1,Jak2,Jak3,Jun,Kcna5,Kdr,Kif3a,Kif3c,Kit,Kras,L1cam,Lamc2,Lcn2,Lef1,Lep,Lgals3,Lhx1,Lhx2,Lhx5,Lif,Lifr,Limk1,Anxa1,Xcl1,Lrp1,Lrp5,Lrp6,Lrp8,Lta,Ltbp3,Ltf,Ltk,Mfn2,Epcam,Cd209c,Cd209d,Cd209e,Cd209a,Rtkn2,Lyn,Mab21l1,Marcks,Smad4,Havcr2,Gpr37l1,Mas1,Ascl1,Maz,Cd46,Mdk,Mdm2,Mdm4,Mecp2,Mef2c,Mef2d,Meis1,Met,Kitl,Mif,Pias2,Afdn,Marcksl1,Mmp12,Mmp2,Mmp9,Mnat1,Mns1,Mpl,Meis2,Meis3,Mstn,Map1b,Map6,Mapt,Myb,Myc,Myd88,Myo5b,Naca,Ncam1,Nck1,Nck2,Ndufs4,Nedd9,Nes,Neu1,Neurl1a,Nf1,Nfatc2,Nfe2l2,Nefl,Ngf,Ngfr,Nin,Nkx2-5,Nkx2-6,Nkx3-1,Nmbr,Nme1,Nme2,Nqo2,Cd244a,Mycn,Nodal,Nog,Nr4a3,Notch1,Notch2,Notch3,Npm1,Npy5r,Nras,Nrp1,Nrxn1,Musk,Ntf3,Ntn1,Ntrk1,Ntrk2,Ntrk3,Ddr2,Numb,Numbl,Odc1,Orc1,Osm,Osmr,Otp,P2rx7,P2ry2,Pafah1b1,Pak1,Pak3,Palm,Reg3b,Pax2,Pax3,Pax6,Pax7,Pbx1,Kat2b,Pcp4,Pdcd2,Pdcd6,Pdgfa,Pdgfb,Pdgfra,Pdgfrb,Enpp2,Pdx1,Pfn1,Pgf,Pgr,Phb,Pik3ca,Pik3cd,Pik3r1,Pim1,Pou1f1,Pitx3,Prkaca,Prkca,Prkch,Prkci,Prkd1,Prkcq,Prkcz,Prl3d1,Prl3b1,Pla2g1b,Pla2g2c,Pla2g4a,Serpine1,Plau,Plcg1,Prl2c2,Prl2c3,Prl7d1,Serpinf2,Ccl21a,Plxna1,Plxna2,Plxna3,Pml,Prrx1,Pnp,Cnot7,Pou3f2,Pou3f3,Pou4f2,Med1,Ppard,Ppargc1a,Ppp1cc,Ppp3ca,Prkdc,Prl,Prl4a1,Prl6a1,Prl8a6,Prl7a1,Prl7a2,Prlr,Prox1,Lgmn,Ptafr,Ptbp1,Pten,Dicer1,Mvd,Nlgn1,Flna,Ptger4,Ptgfr,Prom2,Ptgs2,Pth,Pthlh,Pth1r,Ptk2b,Twf1,Ptn,Ptpn5,Ptpn22,Ptprc,Ripk2,Ptprd,Ptprf,Ptprn,Ptprz1,Pura,Qki,Ripor2,Rac1,Rac2,Rad51b,Aldh1a2,Ranbp1,Rara,Rarg,Rasgrf1,Robo3,Rbpj,Reg1,Reg2,Reg3a,Reg3g,Rela,Reln,Ret,Bex1,Rgs2,Rit2,Robo1,Rp1,Rps6,Rsu1,Ncor1,S100a13,S100a9,S100b,Prrx2,Sf3a2,Atxn1,Scg2,Clec11a,Stmn2,Scn1b,Scn5a,Scx,Ccl11,Ccl2,Ccl5,Cxcl5,Cx3cl1,Cxcl12,Serpinf1,Sfrp2,Nptn,Sema4d,Sema5a,Sema7a,Foxp3,Sfrp1,Sgk1,Shc1,Shh,Shox2,Cyfip1,St6gal1,St8sia1,Ptk6,Six1,Six2,Skil,Slc4a1,Slc7a5,Smarca4,Smarcc1,Snap91,Sox10,Sox11,Sox15,Sox2,Sox4,Sox8,Sox9,Sp1,Sphk1,Serpini1,Serpine2,Spn,Spta1,Src,Esrp1,Srf,Srpk2,Ghsr,Dot1l,Zfp143,Stat3,Stat5a,Stat5b,Creb3l2,Stk11,Hdac4,,Stx3,Stx4a,Stxbp4,,Syk,T,Shank2,Bicral,Nrg1,Vstm2a,Cdkl3,Tac1,Tacr1,Tbx1,Tbx2,Tbx3,Tbx5,Tcf7l2,Tfap2b,Tcf3,Tcl1,Myocd,Fnbp1l,Prl3d2,Prl3d3,Plk5,Rab21,Agap2,Dynlt1b,Efemp1,Tdgf1,Acsl6,Nlgn2,Kat7,Uts2r,Tert,Ppp2r5d,Eif2b2,Tff2,Cdca7l,Tgfa,Tgfb1,Tsc22d1,Tgfb2,Tgfb3,Tgfbr1,Tgfbr2,Tgfbr3,Tgif1,Tgm1,Tgm2,Ift88,Thbs1,Thbs4,Thpo,Thrb,Rasa1,Tial1,Tiam1,Timp1,Il31ra,Tjp1,Fermt2,Tlr4,Ang4,Nr2e1,Tlx1,Cenpj,Tnc,Tnf,Tnfaip3,Cd40,Cd40lg,Tnfsf9,Tpd52,Traf5,Traf6,Trf,Tfrc,Trp63,Trpc5,Tsc2,Tshr,Twist1,Tnfrsf4,Tnfsf4,Dpysl3,Stk24,Vcam1,Vegfa,Vegfb,Vegfc,Vhl,Vil1,Vim,Vip,Vldlr,Washc5,Eppk1,Trpv2,Ccn4,Wnt1,Wnt10b,Wnt2,Wnt3,Wnt3a,Cip2a,Wnt5a,Wnt7a,Wnt7b,Xbp1,Tbc1d24,H2-M10.4,H2-M11,H2-M1,H2-M10.5,Pggt1b,Cep120,Ppp2r5b,Yap1,Zap70,Vash2,Slc39a10,Gpbar1,Camk1d,Zfpm2,Zp3,Itpka,Ppp1r16b,Zmynd8,Clrn1,Pbxip1,Amigo1,Acer2,Nrd1,Crocc,Kmt2c,Tapt1,Cnot6l,Plac8,Gak,Tmem119,Fbxw8,Klrh1,Caprin2,Arhgap35,Mark4,Nccrp1,Wdr62,Prc1,Picalm,P2ry6,Setd1a,Gpm6a,Ndrg4,Carmil2,Txnl4b,Atmin,Septin7,Fez1,Rab8b,Plxnb1,Nox1,Pla2g3,Atad5,Coro1b,Coro1c,Aplnr,Akt3,Ash2l,Akap5,Cdc6,Def8,Ets1,Fbln5,Pde4d,Grem1,Abcc4,Tspyl5,Mab21l2,Map2k5,Tenm1,Tenm3,Osr1,Pacsin1,Cib1,Prkra,Twf2,Tiam2,H2-M5,Jcad,Ccl19,Kif20b,Tnfsf13b,Pkhd1,Uts2,Zeb2,Zfp804a,Vtcn1,Lrrc7,Lexm,Dmrta2,Wasf2,Disp3,Ppp1r9a,Plxna4,Bicra,Rgma,Ctf2,Disc1,Dkc1,Ankrd27,Chodl,Prok1,Tox,Nod2,Cdc42ep3,Map2k1,Map2k2,Map3k3,Map3k5,Map3k7,Mapk1,Mapk14,Mapk3,Mapk8,Ror1,Ror2,Irak4,Rps15a,Ccnb1,Robo2,Ss18,Dysf,Setx,Ell3,Ss18l1,Megf8,Jaml,Rps3,Xlr4b,Adcy10,Shc4,Slamf1,Plek2,Tnfrsf12a,Nbn,Prl3c1,Skp2,Prl5a1,Mydgf,Stau2,Iqgap1,Reg3d,Fbxw4,Apln,Foxe3,Cbx8,Lig4,Zfyve27,Smo,Tns3,Auts2,Rasal3,Islr2,Negr1,Gpr183,Frs2,Zmiz1,Ep300,Abi2,Tnn,Myo3b,Zfp335,Tmem67,Hapln4,Dhps,Trim67,Arhgap32,Dixdc1,Il1rapl1,Mapk15,H2-M10.2,Cd59b,Pramel7,Plekhm1,Egfl7,Zfp703,Scarf1,Ighd,Kmt2d,Garem1,Kif14,Crnn,Mup20,Oog2,Cep135,N4bp2l2,Crtc1,Cdkl5,Irs2,Frmd7,Mir24-1,Mir205,Mir124a-1,H2-M10.6,Iqgap3,Akirin2,Hdac1,Ang5,Elane,Sirt6,Icosl,Atp8a2,Magi2,Nckap1,Hmgn5,Hnrnpu,Camk1,Atxn1l,Ddx56,Suz12,Rufy3,Ahi1,Sdcbp,Atoh7,Tslp,Nap1l1,Cldn7,Insm1,Ddx39b,Septin9,Rab25,Caprin1,Ccl26,Avpr1a,Snx3,Golga4,Cd320,Azin1,Dll4,Kalrn,Hpse2,Calcrl,Pqbp1,Pdgfc,Sh3glb1,Plxnc1,Tyk2,Btnl2,Ift20,Rala,Htra1,Ccl24,Espn,Sinhcaf,Dbn1,Fzr1,Shoc2,P3h1,Pdcd10,Clip1,Dynll1,Actl6a,Sphk2,Prl2a1,Fgf21,Gsk3b,Clec7a,Cdc42ep4,Clcf1,Plag1,Mtor,Scube2,Tbx20,Vav3,Retn,Icmt,Marchf7,Xlr3b,Cdon,Crlf2,Pdcd1lg2,Cdc42ep5,Mlxipl,Cysltr1,Ghrl,Smpd3,Wrap73,Nampt,Carm1,Stk25,Il21,Cd274,Foxj2,Alkal1,Gm14137,Ang6,Gprc5b,Fgf23,Rpl23,Lpar3,Rogdi,Tipin,Mustn1,Acer3,Eapp,Gkn1,Aqp11,Prl2b1,Tnik,Cul7,Aggf1,Dzip1,Dspp,Prl2c1,Actr2,Myo3a,H2-T-ps,Pycard,Nacc1,Cops9,Khdc3,Smarcd3,Prl3a1,Romo1,Trak1,Fgf22,Nrarp,Fbxo5,Rnaseh2b,Smarca2,Peli1,Parp6,Prl8a9,Paxbp1,Mfn1,Eps8l1,Ufl1,Ccar1,Prl7c1,Wdr48,Anp32b,Ftmt,Hapln3,Itgb3bp,Plxnd1,Rpl4,Srsf6,Retreg3,Bambi,Pdf,Nmb,Akirin1,Entr1,Wls,Ndnf,Fam98b,Rpa1,Crip2,Ndufaf4,Rtn4,Cthrc1,Syf2,Trpm4,Carmil1,Anln,Rreb1,Pdcl3,Ctc1,Zfp580,Cnot8,Cd209b,Hilpda,Tnfsf13,Dab2ip,Emc10,Arap1,Pold4,Mzb1,Ppp1r35,Rasip1,Tmem30a,Metrn,Bhlhb9,Chp2,Fuz,Megf10,Cd248,Wdr77,Rprd1b,Slc25a33,Ube2v2,Nolc1,P2ry12,Akr1cl,Spdya,Ptk7,Optn,Shtn1,Esm1,Map3k13,Pdgfd,Tmem106b,Epgn,Nanog,Gpc2,Ist1,Fndc3b,Tnfrsf13c,Sapcd2,Dhx36,Ccpg1,Malat1,Mir223,Mir320,Mir124a-2,Mir124a-3,Mir24-2,Ssbp3,Taf4b,Rps6kb1,Fam98a,Kctd17,Wasl,Prl8a1,Mir702,Bloc1s2,Dppa2,Tubb2b,Hapln2,Dnm1l,Slc25a27,Grip1,Plce1,Actr3,Sash3,Opa1,Katnb1,Prl8a8,Rptor,Ocstamp,Selenon,Slc35f6,Cep43,Dynap,Prl7b1,Kdm5b,Plppr5,Smurf1,Saxo1,Dock11,Rapgef2,Tbx18,Gid8,Fbxo31,Il34,Styxl1,Arpc2,Kdm4c,Rps9,Gper1,Lrg1,Slitrk1,Ddrgk1,Bcl7a,Esrp2,Kidins220,Lbh,Ccdc88b,Rassf10,Rictor,Cacul1,Saal1,Ern1,Mir744,Recql4,Selenok,Fgf20,Fgf16,Pum2,Nckipsd,Tlr9,Klb,Il23a,Ndel1,Pramel1,Lin28a,Akr1c6,Actl6b,Smarcd1,Dnaja3,Phip,Il24,Sirt1,Zfp423,Wwtr1,Hmgb2,Pid1,Obsl1,Eps8l2,Anapc2,Hrh3,Cul4a,Golga2,Eps8l3,Kdm1a
FOUNDER_NAMES	
STANDARD_NAME	GOBP_POSITIVE_REGULATION_OF_CD8_POSITIVE_ALPHA_BETA_T_CELL_PROLIFERATION
SYSTEMATIC_NAME	MM16951
COLLECTION	M5:GO:BP
MSIGDB_URL	https://www.gsea-msigdb.org/gsea/msigdb/mouse/geneset/GOBP_POSITIVE_REGULATION_OF_CD8_POSITIVE_ALPHA_BETA_T_CELL_PROLIFERATION
NAMESPACE	Mouse_NCBI_Gene_ID
DESCRIPTION_BRIEF	Any process that activates or increases the frequency, rate or extent of CD8-positive, alpha-beta T cell proliferation. [GOC:obol]
DESCRIPTION_FULL	
PMID	
GEOID	
AUTHORS	
CONTRIBUTOR	Gene Ontology
CONTRIBUTOR_ORG	Gene Ontology Consortium
EXACT_SOURCE	GO:2000566
FILTERED_BY_SIMILARITY	GO:0001813,GO:0001815,GO:0002519,GO:0032639,GO:0032679,GO:0032759
EXTERNAL_NAMES_FOR_SIMILAR_TERMS	regulation of antibody-dependent cellular cytotoxicity|positive regulation of antibody-dependent cellular cytotoxicity|natural killer cell tolerance induction|TRAIL production|regulation of TRAIL production|positive regulation of TRAIL production
EXTERNAL_DETAILS_URL	http://amigo.geneontology.org/amigo/term/GO:2000566
SOURCE_MEMBERS	110557,110696,14963,14964,14972,14980,14985,14990,14997,15006,15007,15013,15015,15018,15024,15039,15040,15043,18106,19260,224753,224754,224756,224761,240095,333715,399549,667803
GENE_SYMBOLS	H2-Q6,H2-M10.3,H2-Bl,H2-D1,H2-K1,,H2-M10.1,H2-M2,H2-M9,H2-Q1,H2-Q10,H2-Q2,H2-Q4,H2-Q7,H2-T10,H2-T22,H2-T23,H2-T3,Cd244a,Ptpn22,H2-M10.4,H2-M11,H2-M1,H2-M10.5,H2-M5,H2-M10.2,H2-M10.6,H2-T-ps
FOUNDER_NAMES	
STANDARD_NAME	GOBP_POSITIVE_REGULATION_OF_CD4_POSITIVE_ALPHA_BETA_T_CELL_PROLIFERATION
SYSTEMATIC_NAME	MM11554
COLLECTION	M5:GO:BP
MSIGDB_URL	https://www.gsea-msigdb.org/gsea/msigdb/mouse/geneset/GOBP_POSITIVE_REGULATION_OF_CD4_POSITIVE_ALPHA_BETA_T_CELL_PROLIFERATION
NAMESPACE	Mouse_NCBI_Gene_ID
DESCRIPTION_BRIEF	Any process that activates or increases the frequency, rate or extent of CD4-positive, alpha-beta T cell proliferation. [GOC:obol]
DESCRIPTION_FULL	
PMID	
GEOID	
AUTHORS	
CONTRIBUTOR	Gene Ontology
CONTRIBUTOR_ORG	Gene Ontology Consortium
EXACT_SOURCE	GO:2000563
FILTERED_BY_SIMILARITY	
EXTERNAL_NAMES_FOR_SIMILAR_TERMS	
EXTERNAL_DETAILS_URL	http://amigo.geneontology.org/amigo/term/GO:2000563
SOURCE_MEMBERS	108723,12484,12487,12501,12520,13136,13137,15944,16963,18761,192656,21813
GENE_SYMBOLS	Card11,Cd24a,Cd28,Cd3e,Cd81,Cd55,Cd55b,Irgm1,Xcl1,Prkcq,Ripk2,Tgfbr2
FOUNDER_NAMES	
STANDARD_NAME	GOBP_POSITIVE_REGULATION_OF_B_CELL_PROLIFERATION
SYSTEMATIC_NAME	MM6309
COLLECTION	M5:GO:BP
MSIGDB_URL	https://www.gsea-msigdb.org/gsea/msigdb/mouse/geneset/GOBP_POSITIVE_REGULATION_OF_B_CELL_PROLIFERATION
NAMESPACE	Mouse_NCBI_Gene_ID
DESCRIPTION_BRIEF	Any process that activates or increases the rate or extent of B cell proliferation. [GOC:mah]
DESCRIPTION_FULL	
PMID	
GEOID	
AUTHORS	
CONTRIBUTOR	Gene Ontology
CONTRIBUTOR_ORG	Gene Ontology Consortium
EXACT_SOURCE	GO:0030890
FILTERED_BY_SIMILARITY	
EXTERNAL_NAMES_FOR_SIMILAR_TERMS	
EXTERNAL_DETAILS_URL	http://amigo.geneontology.org/amigo/term/GO:0030890
SOURCE_MEMBERS	105855,106759,108723,11444,11486,117149,12043,12053,12151,12182,12229,12494,12520,12575,13844,16019,16149,16163,16183,16187,16189,16191,16196,17260,17319,18019,19116,19264,21423,21898,21939,21947,22042,22163,22416,227059,237877,24099,321019,380797,384783,54219,56708,57257,60505,67245,72049,74131,81897
GENE_SYMBOLS	Nckap1l,Ticam1,Card11,Chrnb2,Ada,Tirap,Bcl2,Bcl6,Bmi1,Bst1,Btk,Cd38,Cd81,Cdkn1a,Ephb2,Ighm,Cd74,Il13,Il2,Il3,Il4,Il5,Il7,Mef2c,Mif,Nfatc2,Prlr,Ptprc,Tcf3,Tlr4,Cd40,Cd40lg,Tfrc,Tnfrsf4,Wnt3a,Slc39a10,Atad5,Tnfsf13b,Gpr183,Ighd,Irs2,Cd320,Clcf1,Vav3,Il21,Peli1,Tnfrsf13c,Sash3,Tlr9
FOUNDER_NAMES	
STANDARD_NAME	GOBP_POSITIVE_REGULATION_OF_ALPHA_BETA_T_CELL_PROLIFERATION
SYSTEMATIC_NAME	MM8176
COLLECTION	M5:GO:BP
MSIGDB_URL	https://www.gsea-msigdb.org/gsea/msigdb/mouse/geneset/GOBP_POSITIVE_REGULATION_OF_ALPHA_BETA_T_CELL_PROLIFERATION
NAMESPACE	Mouse_NCBI_Gene_ID
DESCRIPTION_BRIEF	Any process that activates or increases the frequency, rate or extent of alpha-beta T cell proliferation. [GOC:ai]
DESCRIPTION_FULL	
PMID	
GEOID	
AUTHORS	
CONTRIBUTOR	Gene Ontology
CONTRIBUTOR_ORG	Gene Ontology Consortium
EXACT_SOURCE	GO:0046641
FILTERED_BY_SIMILARITY	
EXTERNAL_NAMES_FOR_SIMILAR_TERMS	
EXTERNAL_DETAILS_URL	http://amigo.geneontology.org/amigo/term/GO:0046641
SOURCE_MEMBERS	108723,110557,110696,12144,12484,12487,12501,12519,12520,12772,13136,13137,14963,14964,14972,14980,14985,14990,14997,15006,15007,15013,15015,15018,15024,15039,15040,15043,15944,16160,16173,16452,16963,18106,18761,19260,19264,192656,20963,21813,22164,224753,224754,224756,224761,22637,240095,320484,333715,399549,54721,667803,83430
GENE_SYMBOLS	Card11,H2-Q6,H2-M10.3,Blm,Cd24a,Cd28,Cd3e,Cd80,Cd81,Ccr2,Cd55,Cd55b,H2-Bl,H2-D1,H2-K1,,H2-M10.1,H2-M2,H2-M9,H2-Q1,H2-Q10,H2-Q2,H2-Q4,H2-Q7,H2-T10,H2-T22,H2-T23,H2-T3,Irgm1,Il12b,Il18,Jak2,Xcl1,Cd244a,Prkcq,Ptpn22,Ptprc,Ripk2,Syk,Tgfbr2,Tnfsf4,H2-M10.4,H2-M11,H2-M1,H2-M10.5,Zap70,H2-M5,Rasal3,H2-M10.2,H2-M10.6,Tyk2,H2-T-ps,Il23a
FOUNDER_NAMES	
STANDARD_NAME	GOBP_POSITIVE_REGULATION_OF_ACTIVATED_T_CELL_PROLIFERATION
SYSTEMATIC_NAME	MM7374
COLLECTION	M5:GO:BP
MSIGDB_URL	https://www.gsea-msigdb.org/gsea/msigdb/mouse/geneset/GOBP_POSITIVE_REGULATION_OF_ACTIVATED_T_CELL_PROLIFERATION
NAMESPACE	Mouse_NCBI_Gene_ID
DESCRIPTION_BRIEF	Any process that activates or increases the rate or extent of activated T cell proliferation. [GOC:jl]
DESCRIPTION_FULL	
PMID	
GEOID	
AUTHORS	
CONTRIBUTOR	Gene Ontology
CONTRIBUTOR_ORG	Gene Ontology Consortium
EXACT_SOURCE	GO:0042104
FILTERED_BY_SIMILARITY	
EXTERNAL_NAMES_FOR_SIMILAR_TERMS	
EXTERNAL_DETAILS_URL	http://amigo.geneontology.org/amigo/term/GO:0042104
SOURCE_MEMBERS	11596,12484,12524,13856,14082,14732,15289,16000,16002,16008,16160,16161,16173,16183,16184,16189,16453,19055,20850,20851,21950,22164,27050,27218,50723,66824,83430
GENE_SYMBOLS	Ager,Cd24a,Cd86,Epo,Fadd,Gpam,Hmgb1,Igf1,Igf2,Igfbp2,Il12b,Il12rb1,Il18,Il2,Il2ra,Il4,Jak3,Ppp3ca,Stat5a,Stat5b,Tnfsf9,Tnfsf4,Rps3,Slamf1,Icosl,Pycard,Il23a
FOUNDER_NAMES	
STANDARD_NAME	GOBP_PEROXISOME_PROLIFERATOR_ACTIVATED_RECEPTOR_SIGNALING_PATHWAY
SYSTEMATIC_NAME	MM7087
COLLECTION	M5:GO:BP
MSIGDB_URL	https://www.gsea-msigdb.org/gsea/msigdb/mouse/geneset/GOBP_PEROXISOME_PROLIFERATOR_ACTIVATED_RECEPTOR_SIGNALING_PATHWAY
NAMESPACE	Mouse_NCBI_Gene_ID
DESCRIPTION_BRIEF	The series of molecular signals initiated by binding of a ligand to any of the peroxisome proliferator activated receptors (alpha, beta or gamma) in the nuclear membrane, and ending with the initiation or termination of the transcription of target genes. [GOC:BHF, PMID:18221086]
DESCRIPTION_FULL	
PMID	
GEOID	
AUTHORS	
CONTRIBUTOR	Gene Ontology
CONTRIBUTOR_ORG	Gene Ontology Consortium
EXACT_SOURCE	GO:0035357
FILTERED_BY_SIMILARITY	
EXTERNAL_NAMES_FOR_SIMILAR_TERMS	
EXTERNAL_DETAILS_URL	http://amigo.geneontology.org/amigo/term/GO:0035357
SOURCE_MEMBERS	109593,11687,11688,12156,13110,15361,16592,16846,17684,17977,17978,19014,19016,19223,20181,22160,228790,236900,23801,56018,56310,60595,66968,67544,75302,93759
GENE_SYMBOLS	Lmo3,Alox15,Alox8,Bmp2,Cyp2j6,Hmga1,Fabp5,Lep,Cited2,Ncoa1,Ncoa2,Med1,Pparg,Ptgis,Rxra,Twist1,Asxl1,Pdk3,Aloxe3,Stard10,Gps2,Actn4,Plin5,Fam120b,Asxl2,Sirt1
FOUNDER_NAMES	
STANDARD_NAME	GOBP_NEGATIVE_REGULATION_OF_T_CELL_PROLIFERATION
SYSTEMATIC_NAME	MM7382
COLLECTION	M5:GO:BP
MSIGDB_URL	https://www.gsea-msigdb.org/gsea/msigdb/mouse/geneset/GOBP_NEGATIVE_REGULATION_OF_T_CELL_PROLIFERATION
NAMESPACE	Mouse_NCBI_Gene_ID
DESCRIPTION_BRIEF	Any process that stops, prevents or reduces the rate or extent of T cell proliferation. [GOC:jl]
DESCRIPTION_FULL	
PMID	
GEOID	
AUTHORS	
CONTRIBUTOR	Gene Ontology
CONTRIBUTOR_ORG	Gene Ontology Consortium
EXACT_SOURCE	GO:0042130
FILTERED_BY_SIMILARITY	
EXTERNAL_NAMES_FOR_SIMILAR_TERMS	
EXTERNAL_DETAILS_URL	http://amigo.geneontology.org/amigo/term/GO:0042130
SOURCE_MEMBERS	100328588,102657,105782,114774,11846,11847,12159,12231,12367,12477,12484,12493,12505,12519,12524,12578,12608,13383,13866,14204,14714,14727,14728,14960,15170,15223,15930,16147,16184,16396,16792,16859,170823,17120,171285,18780,18782,18784,19084,19122,19211,193385,20371,20390,20423,20535,20555,20737,208154,208650,20971,213208,21803,22084,22287,22724,229473,230979,237256,238555,242122,242202,245126,26365,26970,26971,27027,278180,381305,434215,54698,57438,58205,60533,65113,65960,67245,71228,74048,75863,93695,94185
GENE_SYMBOLS	Il4i1,Cd276,Scrib,Pawr,Arg1,Arg2,Bmp4,Btn1a1,Casp3,Ctla4,Cd24a,Cd37,Cd44,Cd80,Cd86,Cdkn2a,Cebpb,Dlg1,Erbb2,Il4i1,Gnrh1,Lilrb4b,Lilrb4a,H2-Aa,Ptpn6,Foxj1,Ido1,Ihh,Il2ra,Itch,Laptm5,Lgals9,Glmn,Mad1l1,Havcr2,Pla2g2a,Pla2g2d,Pla2g5,Prkar1a,Prnp,Pten,Ripor2,Foxp3,Sftpd,Shh,Slc4a2,Slfn1,Spn,Btla,Cblb,Sdc4,Il20rb,Tgfb1,Tsc2,Scgb1a1,Zbtb7b,Tmem131l,Tnfrsf14,Zc3h12d,Btn2a2,Vtcn1,Pde5a,Tarm1,Ceacam1,Pla2g2e,Pla2g2f,Tspan32,Vsig4,Rc3h1,Lrrc32,Crtam,Marchf7,Pdcd1lg2,Cd274,Ndfip1,Twsg1,Peli1,Dlg5,Vsir,Clec4g,Gpnmb,Tnfrsf21
FOUNDER_NAMES	
STANDARD_NAME	GOBP_NEGATIVE_REGULATION_OF_LEUKOCYTE_PROLIFERATION
SYSTEMATIC_NAME	MM9600
COLLECTION	M5:GO:BP
MSIGDB_URL	https://www.gsea-msigdb.org/gsea/msigdb/mouse/geneset/GOBP_NEGATIVE_REGULATION_OF_LEUKOCYTE_PROLIFERATION
NAMESPACE	Mouse_NCBI_Gene_ID
DESCRIPTION_BRIEF	Any process that stops, prevents, or reduces the frequency, rate or extent of leukocyte proliferation. [GOC:add, GOC:mah]
DESCRIPTION_FULL	
PMID	
GEOID	
AUTHORS	
CONTRIBUTOR	Gene Ontology
CONTRIBUTOR_ORG	Gene Ontology Consortium
EXACT_SOURCE	GO:0070664
FILTERED_BY_SIMILARITY	GO:0032945,GO:0050672
EXTERNAL_NAMES_FOR_SIMILAR_TERMS	negative regulation of mononuclear cell proliferation|negative regulation of lymphocyte proliferation
EXTERNAL_DETAILS_URL	http://amigo.geneontology.org/amigo/term/GO:0070664
SOURCE_MEMBERS	100328588,102657,105782,114774,11846,11847,11920,12053,12159,12229,12231,12367,12477,12484,12493,12505,12519,12524,12578,12608,12944,13383,13866,14130,14204,14419,14714,14727,14728,14870,14960,15170,15223,15930,16147,16153,16183,16184,16331,16396,16792,16859,16988,170823,17096,17120,171285,18015,18780,18782,18784,19084,19122,19211,193385,20293,20371,20390,20423,20535,20555,20666,20737,208154,208650,209558,20971,213208,217303,21803,22084,22177,22287,22724,229473,230979,237256,238555,23892,242122,242202,245126,26365,26970,26971,27027,278180,320795,381305,434215,54354,54698,57438,57916,58205,60533,65113,65960,67245,71228,74048,75863,77125,93695,94185
GENE_SYMBOLS	Il4i1,Cd276,Scrib,Pawr,Arg1,Arg2,Atm,Bcl6,Bmp4,Btk,Btn1a1,Casp3,Ctla4,Cd24a,Cd37,Cd44,Cd80,Cd86,Cdkn2a,Cebpb,Crp,Dlg1,Erbb2,Fcgr2b,Il4i1,Gal,Gnrh1,Lilrb4b,Lilrb4a,Gstp1,H2-Aa,Ptpn6,Foxj1,Ido1,Ihh,Il10,Il2,Il2ra,Inpp5d,Itch,Laptm5,Lgals9,Lst1,Glmn,Lyn,Mad1l1,Havcr2,Nf1,Pla2g2a,Pla2g2d,Pla2g5,Prkar1a,Prnp,Pten,Ripor2,Ccl12,Foxp3,Sftpd,Shh,Slc4a2,Slfn1,Sox11,Spn,Btla,Cblb,Enpp3,Sdc4,Il20rb,Cd300a,Tgfb1,Tsc2,Tyrobp,Scgb1a1,Zbtb7b,Tmem131l,Tnfrsf14,Zc3h12d,Btn2a2,Grem1,Vtcn1,Pde5a,Tarm1,Ceacam1,Pla2g2e,Pla2g2f,Tspan32,Vsig4,Pkn1,Rc3h1,Lrrc32,Rassf5,Crtam,Marchf7,Tnfrsf13b,Pdcd1lg2,Cd274,Ndfip1,Twsg1,Peli1,Dlg5,Vsir,Clec4g,Il33,Gpnmb,Tnfrsf21
FOUNDER_NAMES	
STANDARD_NAME	GOBP_NEGATIVE_REGULATION_OF_IMMATURE_T_CELL_PROLIFERATION
SYSTEMATIC_NAME	MM6773
COLLECTION	M5:GO:BP
MSIGDB_URL	https://www.gsea-msigdb.org/gsea/msigdb/mouse/geneset/GOBP_NEGATIVE_REGULATION_OF_IMMATURE_T_CELL_PROLIFERATION
NAMESPACE	Mouse_NCBI_Gene_ID
DESCRIPTION_BRIEF	Any process that stops, prevents, or reduces the frequency, rate or extent of immature T cell proliferation. [GOC:add, GOC:mah]
DESCRIPTION_FULL	
PMID	
GEOID	
AUTHORS	
CONTRIBUTOR	Gene Ontology
CONTRIBUTOR_ORG	Gene Ontology Consortium
EXACT_SOURCE	GO:0033087
FILTERED_BY_SIMILARITY	GO:0033088
EXTERNAL_NAMES_FOR_SIMILAR_TERMS	negative regulation of immature T cell proliferation in thymus
EXTERNAL_DETAILS_URL	http://amigo.geneontology.org/amigo/term/GO:0033087
SOURCE_MEMBERS	12159,12578,13866,14714,16147,229473,75863
GENE_SYMBOLS	Bmp4,Cdkn2a,Erbb2,Gnrh1,Ihh,Tmem131l,Clec4g
FOUNDER_NAMES	
STANDARD_NAME	GOBP_NEGATIVE_REGULATION_OF_CELL_POPULATION_PROLIFERATION
SYSTEMATIC_NAME	MM5156
COLLECTION	M5:GO:BP
MSIGDB_URL	https://www.gsea-msigdb.org/gsea/msigdb/mouse/geneset/GOBP_NEGATIVE_REGULATION_OF_CELL_POPULATION_PROLIFERATION
NAMESPACE	Mouse_NCBI_Gene_ID
DESCRIPTION_BRIEF	Any process that stops, prevents or reduces the rate or extent of cell proliferation. [GOC:go_curators]
DESCRIPTION_FULL	
PMID	
GEOID	
AUTHORS	
CONTRIBUTOR	Gene Ontology
CONTRIBUTOR_ORG	Gene Ontology Consortium
EXACT_SOURCE	GO:0008285
FILTERED_BY_SIMILARITY	
EXTERNAL_NAMES_FOR_SIMILAR_TERMS	
EXTERNAL_DETAILS_URL	http://amigo.geneontology.org/amigo/term/GO:0008285
SOURCE_MEMBERS	100042424,100328588,100342,100503991,100710,101490,101565,102657,103844,103967,104416,105450,105782,105837,105940408,106014,106052,106389,107351,107503,107586,107746,107771,107869,108151,108679,109242,109700,110157,110351,110532,110606,110829,111241,114229,11450,114774,11482,11491,11512,11516,11535,11539,11540,11541,11542,11596,11606,11609,11622,11629,11651,116701,11688,11689,11727,11730,11731,11789,11815,11816,11818,11819,11820,11835,11845,11846,11847,11848,11909,11920,11936,11946,11983,12000,12006,12010,12018,12028,12034,12038,12043,12053,12062,12064,121021,12156,12159,12160,12162,12165,12168,12190,12226,12227,12228,12229,12231,12257,12298,12305,12345,12361,12367,12385,12387,12389,12390,12394,12398,12399,12421,12477,12484,12493,12494,12505,12519,12524,12527,12550,12554,12562,12568,12571,12575,12576,12577,12578,12579,12580,12581,12606,12608,12622,12631,12677,12703,12704,12739,12766,12774,12778,12797,12828,12846,12877,12933,12944,12978,12988,13018,13039,13046,13052,13078,13115,13131,13132,13134,13345,13380,13383,13386,13388,13427,13430,13489,13491,13555,13557,13590,13636,13642,13643,13722,13726,13805,13837,13838,13841,13844,13865,13866,13869,13874,13924,13982,13983,14025,14026,140498,140571,14062,14083,14089,14102,14114,14130,14165,14168,14173,14183,14184,14204,14254,14255,14283,14319,14360,14367,14419,14451,14460,14461,14462,14465,14561,14563,14567,14569,14580,14581,14595,14609,14623,14634,14673,14674,14714,14715,14726,14727,14728,14734,14739,14745,14756,14764,14766,14789,14812,14869,14870,14955,14960,14964,14972,15170,15182,15205,15223,15361,15368,15377,15378,15451,15461,15467,15473,15499,15530,15567,15874,15901,15930,15944,15959,15964,15978,15982,16000,16009,16011,16147,16153,16159,16160,16168,16169,16175,16176,16183,16184,16189,16193,16202,16323,16331,16332,16336,16392,16396,16400,16412,16413,16452,16468,16476,16526,16579,16600,16601,16682,16792,16814,16840,16852,16854,16859,16878,16886,16905,16923,16971,16974,16988,16992,170731,170765,17082,170823,170835,170942,17096,17120,171207,17125,17126,17127,17128,171285,17130,17131,17136,171388,17152,17173,17196,17246,17260,17283,17395,17470,17684,17701,17702,17751,17756,17758,17831,17869,17872,17927,17928,17988,18007,18011,18015,18016,18018,18022,18028,18053,18094,18095,18119,18121,18125,18127,18128,18133,18148,18158,18159,18160,18162,18186,18189,18208,18211,18226,18295,18426,18472,18479,18508,18519,18569,18585,18609,18612,18618,18627,18645,18673,18708,18715,18750,18753,18780,18782,18784,18829,18846,18854,18858,18935,18952,18983,19014,19015,19016,19017,19054,19055,19084,19089,19091,19094,19106,19109,19122,19130,19158,19164,19206,19211,192119,19215,192167,192176,19222,19225,19228,19229,19242,19250,19252,19255,19268,19270,19271,19272,19273,19274,19280,19283,19302,193385,19347,19378,19401,19411,194655,194735,19645,19662,19664,19692,19712,19733,19737,19762,19876,20112,20181,20187,20257,20259,20293,20315,20317,20319,20346,20347,20348,20349,20350,20351,20352,20353,20354,20355,20356,20357,20358,20359,20360,20361,20371,20377,20378,20379,20390,20423,20475,20481,20502,20535,20555,20556,20557,20562,20563,20564,20583,20587,20615,20656,20665,20666,20674,20677,20680,20682,20692,20720,207259,20732,20733,20737,20745,20807,208154,20846,20848,208650,20869,208718,208727,209039,20927,209558,20971,209743,210108,210530,211401,211770,213027,213084,213208,21343,21376,21386,21388,21389,214162,21417,21418,21419,214384,214498,214968,216049,216166,216190,216363,216616,216742,216795,216805,216831,216858,217039,217303,21752,21753,21754,21781,21784,21803,21807,21808,21809,21812,21813,21814,21815,218203,21821,21825,218271,21838,21843,21848,21858,21859,218772,218820,218877,219033,21907,21909,21926,21929,21942,21960,21983,22003,22057,22059,22062,22067,22068,22084,22088,22129,22177,22215,22240,22241,22287,22326,22337,22352,22353,22355,223650,22368,22403,22410,22411,22415,22416,22418,22431,22436,22437,225341,22601,226154,22629,22642,226422,22668,226830,22724,227737,228357,228361,229228,229285,229473,230904,230979,231474,231532,231580,231872,232334,232441,233781,234593,234854,235041,235106,235320,235505,235611,236576,236732,236749,237256,237847,23789,237911,238011,238328,238555,23892,23924,23958,239659,239667,23991,240057,24063,24064,240690,24071,240725,24088,241159,241639,242122,242202,242608,242653,244058,244152,244281,244418,245126,245376,245537,245866,246179,246735,26365,26367,26395,26456,268857,268980,269033,26921,269275,269295,26931,26941,269473,269610,26970,269702,26971,269951,270120,270190,27027,27049,27206,27369,278180,27967,28019,280287,28113,29811,29869,30841,30878,30939,319757,320027,320256,320712,320795,320844,327743,328949,329278,329679,331401,333424,338352,338467,360213,380614,380711,381305,381629,433938,434215,436199,503844,50490,50721,50768,50791,50794,50849,51795,51897,52184,52615,52679,52822,53381,53626,53972,53975,54139,54200,54353,54354,54393,54485,54486,54601,54612,54698,54713,54722,55948,56057,56190,56208,56274,56294,56312,56330,56373,56392,56426,56429,56637,56753,56792,56812,57277,57320,57438,57754,57816,57916,58205,58208,58231,58801,58859,58991,59035,60533,60599,606496,630952,63872,63873,63953,64010,64103,64292,64294,64383,64685,64930,65079,65113,65254,65960,65972,65973,66141,66143,66214,66262,66333,66368,66601,66610,666279,66725,667370,668253,66854,66923,67046,67087,671535,67155,67245,67269,67279,67451,67588,67661,67694,67749,67866,67991,68050,68118,68259,68585,68713,68888,68949,69034,69073,69219,69237,69296,69301,69470,69601,69807,70008,70086,70110,70300,70369,70433,70465,70827,71093,71228,71648,72306,723823,723904,723959,72404,73181,73191,73447,73608,73732,73916,74048,74117,74132,74201,74498,74694,74754,75079,75607,75613,75725,75745,75841,75863,76089,76281,76854,76893,77044,77125,77832,78896,78933,79264,81896,83383,83433,83669,83945,84035,93672,93695,94040,94175,94185,94245,94275,98402
GENE_SYMBOLS	Pdcd5-ps,Il4i1,Tent5b,Acp4,Pds5b,Inpp5f,Ccp110,Cd276,Inca1,Dnm3,Bap1,Mmrn2,Scrib,Mtbp,Gm20498,Tafa5,Fbxo4,Eaf2,Kank1,Atf5,Ovol2,Rapgef1,Bmyc,Cth,Sema3d,Cops8,Kif24,Itga1,Raf1,Rap1gap,Adarb1,Fntb,Lims1,Hmga1b,Kiss1r,Adipoq,Pawr,Acvrl1,Adam17,Adcy6,Adcyap1,Adm,Adora1,Adora2a,Adora2b,Adora3,Ager,Agt,Agtr2,Ahr,Aif1,Akt1,Fgfrl1,Alox8,Alox5,Ang,Ang5,Ang2,Apc,Apod,Apoe,Apoh,Nr2f2,App,Ar,Arf6,Arg1,Arg2,Rhoa,Atf2,Atm,Fxyd2,Atp5a1,Atpif1,Avpr2,Axin2,B2m,Bak1,Bax,Phb2,Bche,Bcl2,Bcl6,Bdkrb2,Bdnf,Cspg4,Bmp2,Bmp4,Bmp5,Bmp7,Gdf2,Bmpr2,Brca2,Btg1,Btg2,Btg3,Btk,Btn1a1,Tspo,Cacnb4,Ddr1,Capzb,Cask,Casp3,Ctnna1,Ctnnb1,Cav1,Cav2,Runx1,Cbfa2t3,Runx3,Rb1cc1,Ctla4,Cd24a,Cd37,Cd38,Cd44,Cd80,Cd86,Cd9,Cdh1,Cdh13,Cdh5,Cdk5,Cdk6,Cdkn1a,Cdkn1b,Cdkn1c,Cdkn2a,Cdkn2b,Cdkn2c,Cdkn2d,Cebpa,Cebpb,Cer1,Cfl1,Vsx2,Socs1,Cit,Cldn3,Cxcr3,Ccr5,Ackr3,Cnn1,Col4a3,Comt,Cpeb1,Crmp1,Crp,Csf1r,Csk,Ctcf,Ctsl,Celf1,Cxadr,Cyp1b1,Cyp27b1,Dab1,Dab2,Dach1,Twist2,Dkk1,Dlg1,Dlk1,Dll1,Dync1i2,Dnm2,Drd2,Drd4,E2f1,E2f3,Lefty1,Efna1,Efnb2,Efnb3,Aimp1,Emd,Eng,Epha3,Epha4,Epha7,Ephb2,Nr2f1,Erbb2,Erbb4,Ereg,Ptprv,Esr1,Esr2,Bcl11a,Evl,Rxfp2,Plxnb3,F2r,Ptk2,Fap,Fas,Fbln1,Fcgr2b,Fgf10,Fgf13,Fgf2,Fgfr2,Fgfr3,Il4i1,Flt1,Flt3,Fosl1,Fth1,Fyn,Fzd5,Gal,Gas1,Gata1,Gata2,Gata3,Gata6,Gdf11,Gdf5,Gdi1,Gdi2,Gfap,Gfi1,B4galt1,Gja1,Gjb6,Gli3,Gna12,Gna13,Gnrh1,Gnrhr,Pdpn,Lilrb4b,Lilrb4a,Gpc3,S1pr2,Lpar1,Gpld1,Ptgdr2,Adgrg1,P3h3,Grin2b,Gstp2,Gstp1,H19,H2-Aa,H2-D1,H2-K1,Ptpn6,Hdac2,Hes1,Foxj1,Hmga1,Hmox1,Foxa3,Hnf4a,Hpn,Hras,Eif2ak1,Rida,Hsf1,Hspg2,Slc6a4,Iapp,Id1,Ido1,Irgm1,Ifit3,Ifna11,Ifng,Ifrd1,Igf1,Igfbp3,Igfbp5,Ihh,Il10,Il12a,Il12b,Il15,Il15ra,Il1a,Il1b,Il2,Il2ra,Il4,Il6,Ilk,Inhba,Inpp5d,Inppl1,Insl3,Isl1,Itch,Itga3,Itgb1,Itgb1bp1,Jak2,Jarid2,Jun,Kcnk2,Kifap3,Klf4,Klf9,Krt4,Laptm5,Lbx1,Cnmd,Lgals1,Lgals3,Lgals9,Lif,Limk2,Lmna,Sh2b3,Lrp1,Lrp6,Lst1,Lta,Mfn2,Ripply3,Il1rl1,Glmn,Inpp5j,Erdr1x,Lyn,Mad1l1,Arhgap4,Smad1,Smad2,Smad3,Smad4,Havcr2,Smad6,Smad7,Mag,Bnipl,Mak,Ascl2,Mbp,Mdm2,Mef2c,Men1,Mmp9,Cd200,Cited2,Msx1,Msx2,Mt3,Map2,Map4,Muc2,Myc,Ppp1r15a,Myod1,Myog,Ndrg1,Neo1,Neurl1a,Nf1,Nf2,Nfatc1,Nfe2,Nfib,Ngfr,Nkx2-9,Nkx3-1,Nodal,Nog,Nos1,Nos3,Notch1,Ccn3,Npm1,Nppb,Nppc,Npr1,Npr3,Nrp1,Nrxn1,Ntn1,Ntrk1,Nup62,Ogn,Ovol1,Pafah1b1,Pak1,Pax6,Kat2b,Pdcd4,Pde9a,Pdx1,Etv4,Pemt,Per2,Pfn2,Phb,Pik3r1,Pim2,Prkca,Prkcd,Pla2g2a,Pla2g2d,Pla2g5,Ccl21a,Plxna3,Pml,Pmp22,Phox2b,Septin4,Cnot7,Med1,Ppard,Pparg,Ppargc1a,Ppp2r3d,Ppp3ca,Prkar1a,Prkcsh,Prkg1,Mapk11,Eif2ak2,Prl,Prnp,Prox1,Cyth2,Psen1,Ptch1,Pten,Dicer1,Ptgds,Nlgn1,Flna,Ptgir,Ptgs2,Pth1r,Ptk2b,Ptn,Ptpn14,Dusp1,Ptpn2,Ptprf,PTPRG,Ptprj,Ptprk,Ptpru,Ptprm,Ptprs,Ptprz1,Pex2,Ripor2,Dennd5a,Aldh1a2,Rara,Rarg,Klf11,Btg1c,Rb1,Rbp4,Rbpj,Reg1,Rest,Rgn,Rgs5,Rit2,Robo1,Rps6ka2,Rxra,Ryk,Stmn2,Scin,Ccl12,Cxcl12,Serpinf1,Sfrp2,Sema3a,Sema3b,Sema3c,Sema3e,Sema3f,Sema4a,Sema4b,Sema4c,Sema4d,Sema4f,Sema5a,Sema5b,Sema6a,Sema6b,Sema6c,Sema7a,Foxp3,Sfrp1,Frzb,Sfrp4,Sftpd,Shh,Six5,Ski,Slc16a2,Slc4a2,Slfn1,Slfn2,Slfn3,Slit1,Slit2,Slit3,Snai2,Smarcb1,Snapin,Sod2,Sox10,Sox11,Sox2,Sox4,Sox7,Sox9,Sparc,Serpine2,Zbtb7c,Spint1,Spint2,Spn,Spock1,Srf,Btla,Stat1,Stat3,Cblb,Stk11,Dis3l2,Hdac4,Tns2,Abcc8,Enpp3,Sdc4,Minar1,D130043K22Rik,P3h2,Mtss1,Trib1,Evi5l,Cdkl3,Il20rb,Taf6,Tbrg1,Tbx3,Tbx5,Tbx6,Kmt2a,Zeb1,Tfap2a,Tfap2b,Myocd,Cdc73,Sema6d,Zfp365,Plk5,Appl2,Rab3ip,Efemp1,Fnip1,Wnt9a,Flcn,Arhgap44,Kctd11,Ggnbp2,Cd300a,Tert,Tes,Tesk1,Tfdp1,Tff1,Tgfb1,Tsc22d1,Tgfb2,Tgfb3,Tgfbr1,Tgfbr2,Tgfbr3,Tgif1,Mylip,Ift88,Thbs1,B4galt7,Thy1,Tial1,Trim24,Timp2,Timp3,Rarb,Zfp503,Sema3g,Ang4,Nr2e1,Tlx2,Tnf,Tnfaip3,Tnfrsf9,Tnr,Tpbg,Tpm1,Tob1,Trp53,Trp73,Trpc5,Trpc6,Tsc2,Tsg101,Ttc3,Tyrobp,Ube3a,Dpysl3,Ulk1,Scgb1a1,Vax1,Vdr,Vim,Vip,Vipr2,Eppk1,Trpv2,Ccn5,Wnt10b,Wnt11,Wnt3,Wnt3a,Wnt5a,Wt1,Xdh,Xirp1,Lims2,Yap1,Lzts2,Ywhah,Zbtb17,Rab29,Sf1,Smyd2,Zbtb7b,Niban2,Lrp4,Ambra1,Nudt6,Spg20,Tmem131l,Fbxo2,Tnfrsf14,Paqr3,Arhgap24,Gak,Aimp2,Vgll4,Rerg,Xylt1,Ndrg4,Cdk10,Kank2,Ntm,Zbtb16,Cd109,Plxnb1,,Rbm10,Tesl1,Zc3h12d,Rtn4rl1,Coro1b,Brip1,Enpp7,Vash1,Btn2a2,Grem1,Katna1,Nr2e3,C1ql4,Dip2b,Cib1,Syngap1,Spry1,Spry2,St18,Synj2bp,Sulf1,Tlr2,Neu4,Fermt1,Vtcn1,Pde5a,Podn,Cldn19,Rgma,Tsku,Myo16,Prag1,Tarm1,Tesl2,Nlgn3,Ift52,Fktn,AY074887,Ceacam1,Ceacam2,Map2k1,Sema4g,Nlrc3,Strn,4930503L19Rik,Map4k4,Acvr1c,Rtn4rl2,Ppp2r5c,Nherf1,Lrig2,Chd5,Pla2g2e,Mphosph9,Pla2g2f,Idh2,Fat3,Ephb1,Tspan32,Etv3,Nrk,Dguok,Vsig4,Cherp,Ing4,Kiss1,Tinf2,Ndrg2,Ulk2,Kdm2b,Apln,Pttg1,Smo,Fstl4,Dlec1,Abi3bp,Pkn1,Amigo3,Ccn6,Mcc,Tnn,Fnip2,Thoc2,A4gnt,Nell1,Morc3,Trim46,Intu,Rap1gap2,Rc3h1,Atraid,Mn1,Lrrc32,Btg1b,Ang5,Nox4,Sirt6,Dlc1,Magi2,Klf13,Rnf10,Srpx,Atg13,Odf2l,Suz12,E2f7,Rufy3,Prdx4,Insm1,Ngef,Ddx20,Irf6,Sult2b1,Skap2,Rassf5,Gabbr1,Dll4,Hpgds,Foxo4,Sfrp5,Crtam,Fezf2,Gsdme,Sfn,Btg4,Rbm38,Becn1,Stk3,Ptpn9,Nupr1,Pdcd5,Cpb2,Shoc2,Pdcd10,Dpt,Gsk3b,Tacstd2,Stap1,Dnajb2,Slurp1,Park7,Marchf7,Cend1,Tesc,Tnfrsf13b,Pdcd1lg2,Bcl11b,Stk4,Pmaip1,Efemp2,Ghrl,Carm1,Cd274,Trp53inp1,Gsk3a,Ang6,Zfp296,Trpv4,Dusp10,Sav1,Tnmd,Ptges,Itm2c,Sirt2,Nmi,Tsc1,Rtn4r,Ndfip1,Dpysl5,Twsg1,Ifi30,Asph,Ifitm3,Eef1e1,Rgcc,Ing5,Aqp11,Rtca,Tmigd1,Abi3,Dspp,Lrrk2,Ifit3b,Dleu2,Trim35,Pbrm1,Tbc1d7,Ctnnbip1,Parp10,Smarca2,Peli1,Agtpbp1,Med31,Pkp2,Rnf41,Ift172,Ift74,Mgarp,Wfdc1,Nacc2,Akirin1,Atg101,Ift80,Rtn4,Ifitm1,Gkn3,Zfas1,Nupr1l,Kdf1,Ddah1,Gtpbp4,Tmigd3,Tescl,Tmem127,Dab2ip,Trim32,Ace2,Cysltr2,Ifi35,Fuz,Bag5,Draxin,Wdr77,Trak2,Atoh8,Dlg5,Optn,Zfp777,Mir219a-1,Mir219a-2,Mir1a-2,Wdr44,Nfatc4,Fezf1,Wdr13,Marveld3,Muc16,Ift57,Vsir,Actr3,Rnf6,Cep97,Gorasp1,Tbc1d30,Dhcr24,Zbtb49,Wnk2,Med25,Phf14,Rian,Rnf139,Clec4g,Rapgef2,Tax1bp3,Gper1,Cers2,Arid2,Il33,Tchp,Ecrg4,Agbl4,Krit1,Ift122,Tfap4,Trem2,Wdr6,Dnaja3,Kremen1,Il24,Gpnmb,Clmn,Hrg,Tnfrsf21,Dtnbp1,Maged1,Sh3bp4
FOUNDER_NAMES	
STANDARD_NAME	GOBP_NEGATIVE_REGULATION_OF_CD4_POSITIVE_ALPHA_BETA_T_CELL_PROLIFERATION
SYSTEMATIC_NAME	MM11553
COLLECTION	M5:GO:BP
MSIGDB_URL	https://www.gsea-msigdb.org/gsea/msigdb/mouse/geneset/GOBP_NEGATIVE_REGULATION_OF_CD4_POSITIVE_ALPHA_BETA_T_CELL_PROLIFERATION
NAMESPACE	Mouse_NCBI_Gene_ID
DESCRIPTION_BRIEF	Any process that stops, prevents or reduces the frequency, rate or extent of CD4-positive, alpha-beta T cell proliferation. [GOC:obol]
DESCRIPTION_FULL	
PMID	
GEOID	
AUTHORS	
CONTRIBUTOR	Gene Ontology
CONTRIBUTOR_ORG	Gene Ontology Consortium
EXACT_SOURCE	GO:2000562
FILTERED_BY_SIMILARITY	
EXTERNAL_NAMES_FOR_SIMILAR_TERMS	
EXTERNAL_DETAILS_URL	http://amigo.geneontology.org/amigo/term/GO:2000562
SOURCE_MEMBERS	11847,12505,16396,16859,20371,208650,230979,245126,60533,65113,65960,74048
GENE_SYMBOLS	Arg2,Cd44,Itch,Lgals9,Foxp3,Cblb,Tnfrsf14,Tarm1,Cd274,Ndfip1,Twsg1,Vsir
FOUNDER_NAMES	
STANDARD_NAME	GOBP_NEGATIVE_REGULATION_OF_B_CELL_PROLIFERATION
SYSTEMATIC_NAME	MM6308
COLLECTION	M5:GO:BP
MSIGDB_URL	https://www.gsea-msigdb.org/gsea/msigdb/mouse/geneset/GOBP_NEGATIVE_REGULATION_OF_B_CELL_PROLIFERATION
NAMESPACE	Mouse_NCBI_Gene_ID
DESCRIPTION_BRIEF	Any process that stops, prevents or reduces the rate or extent of B cell proliferation. [GOC:mah]
DESCRIPTION_FULL	
PMID	
GEOID	
AUTHORS	
CONTRIBUTOR	Gene Ontology
CONTRIBUTOR_ORG	Gene Ontology Consortium
EXACT_SOURCE	GO:0030889
FILTERED_BY_SIMILARITY	
EXTERNAL_NAMES_FOR_SIMILAR_TERMS	
EXTERNAL_DETAILS_URL	http://amigo.geneontology.org/amigo/term/GO:0030889
SOURCE_MEMBERS	114774,11920,12229,12367,12477,12484,12578,14130,16153,16331,17096,19211,208154,217303,22084,22177,320795,381305,57916,94185
GENE_SYMBOLS	Pawr,Atm,Btk,Casp3,Ctla4,Cd24a,Cdkn2a,Fcgr2b,Il10,Inpp5d,Lyn,Pten,Btla,Cd300a,Tsc2,Tyrobp,Pkn1,Rc3h1,Tnfrsf13b,Tnfrsf21
FOUNDER_NAMES	
STANDARD_NAME	GOBP_NEGATIVE_REGULATION_OF_ALPHA_BETA_T_CELL_PROLIFERATION
SYSTEMATIC_NAME	MM8177
COLLECTION	M5:GO:BP
MSIGDB_URL	https://www.gsea-msigdb.org/gsea/msigdb/mouse/geneset/GOBP_NEGATIVE_REGULATION_OF_ALPHA_BETA_T_CELL_PROLIFERATION
NAMESPACE	Mouse_NCBI_Gene_ID
DESCRIPTION_BRIEF	Any process that stops, prevents, or reduces the frequency, rate or extent of alpha-beta T cell proliferation. [GOC:ai]
DESCRIPTION_FULL	
PMID	
GEOID	
AUTHORS	
CONTRIBUTOR	Gene Ontology
CONTRIBUTOR_ORG	Gene Ontology Consortium
EXACT_SOURCE	GO:0046642
FILTERED_BY_SIMILARITY	
EXTERNAL_NAMES_FOR_SIMILAR_TERMS	
EXTERNAL_DETAILS_URL	http://amigo.geneontology.org/amigo/term/GO:0046642
SOURCE_MEMBERS	11847,12505,16396,16859,20371,20535,208154,208650,22724,230979,245126,60533,65113,65960,74048,75863
GENE_SYMBOLS	Arg2,Cd44,Itch,Lgals9,Foxp3,Slc4a2,Btla,Cblb,Zbtb7b,Tnfrsf14,Tarm1,Cd274,Ndfip1,Twsg1,Vsir,Clec4g
FOUNDER_NAMES	
STANDARD_NAME	GOBP_NEGATIVE_REGULATION_OF_ACTIVATED_T_CELL_PROLIFERATION
SYSTEMATIC_NAME	MM8053
COLLECTION	M5:GO:BP
MSIGDB_URL	https://www.gsea-msigdb.org/gsea/msigdb/mouse/geneset/GOBP_NEGATIVE_REGULATION_OF_ACTIVATED_T_CELL_PROLIFERATION
NAMESPACE	Mouse_NCBI_Gene_ID
DESCRIPTION_BRIEF	Any process that stops, prevents or reduces the rate or extent of activated T cell proliferation. [GOC:go_curators]
DESCRIPTION_FULL	
PMID	
GEOID	
AUTHORS	
CONTRIBUTOR	Gene Ontology
CONTRIBUTOR_ORG	Gene Ontology Consortium
EXACT_SOURCE	GO:0046007
FILTERED_BY_SIMILARITY	
EXTERNAL_NAMES_FOR_SIMILAR_TERMS	
EXTERNAL_DETAILS_URL	http://amigo.geneontology.org/amigo/term/GO:0046007
SOURCE_MEMBERS	105782,11846,12231,12367,14727,14728,15930,16792,19084,19122,238555,381305,434215,54698,58205,60533
GENE_SYMBOLS	Scrib,Arg1,Btn1a1,Casp3,Lilrb4b,Lilrb4a,Ido1,Laptm5,Prkar1a,Prnp,Btn2a2,Rc3h1,Lrrc32,Crtam,Pdcd1lg2,Cd274
FOUNDER_NAMES	
STANDARD_NAME	GOBP_LYMPHOCYTE_HOMEOSTASIS
SYSTEMATIC_NAME	MM4213
COLLECTION	M5:GO:BP
MSIGDB_URL	https://www.gsea-msigdb.org/gsea/msigdb/mouse/geneset/GOBP_LYMPHOCYTE_HOMEOSTASIS
NAMESPACE	Mouse_NCBI_Gene_ID
DESCRIPTION_BRIEF	The process of regulating the proliferation and elimination of lymphocytes such that the total number of lymphocytes within a whole or part of an organism is stable over time in the absence of an outside stimulus. [GOC:add, PMID:15826826, PMID:16319493, PMID:16551252, PMID:16551262]
DESCRIPTION_FULL	
PMID	
GEOID	
AUTHORS	
CONTRIBUTOR	Gene Ontology
CONTRIBUTOR_ORG	Gene Ontology Consortium
EXACT_SOURCE	GO:0002260
FILTERED_BY_SIMILARITY	
EXTERNAL_NAMES_FOR_SIMILAR_TERMS	
EXTERNAL_DETAILS_URL	http://amigo.geneontology.org/amigo/term/GO:0002260
SOURCE_MEMBERS	103213,105855,106947,107753,107975,109594,11350,11486,11622,11651,12018,12028,12042,12043,12044,12125,12328,12367,12442,12484,12505,12721,14082,14102,14605,14732,15218,15251,16149,16150,16151,16183,16184,16197,16453,16797,17096,17260,17319,18439,18605,18707,18733,19052,19056,19373,20104,20371,20482,20662,20663,20739,207615,20850,20851,210293,213208,213439,21672,216892,21803,21808,21929,21935,22163,22164,22362,22363,238875,23921,24099,27060,30936,30954,317757,319817,320795,381305,383619,51792,53374,53945,54390,56532,57432,57916,58801,59032,70045,72049,74131,75974,79201,83408,83945
GENE_SYMBOLS	Traf3ip2,Nckap1l,Slc39a3,Lgals2,Pacs1,Lmo1,Abl1,Ada,Ahr,Akt1,Bak1,Bax,Bcl10,Bcl2,Bcl2a1a,Bcl2l11,Caml,Casp3,Ccnb2,Cd24a,Cd44,Coro1a,Fadd,Fas,Tsc22d3,Gpam,Foxn1,Hif1a,Cd74,Ikbkb,Ikbkg,Il2,Il2ra,Il7r,Jak3,Lat,Lyn,Mef2c,Mif,P2rx7,Enpp1,Pik3cd,Pirb,Ppp2ca,Ppp3cb,Rag1,Rps6,Foxp3,Skil,Sos1,Sos2,Spta1,Wdr37,Stat5a,Stat5b,Dock10,Il20rb,Gpr174,Prdx2,Spns2,Tgfb1,Tgfb2,Tnfaip3,Tnfrsf17,Tnfrsf4,Tnfsf4,Vpreb1a,Vpreb1b,Gapt,Sh2b2,Tnfsf13b,Tcirg1,Slc46a2,Siva1,Gimap5,Rc3h2,Pkn1,Rc3h1,Aim2,Ppp2r1a,Chst3,Slc40a1,Sit1,Ripk3,Zc3h8,Tnfrsf13b,Pmaip1,Ppp2r3c,Gpr15lg,Tnfrsf13c,Sash3,Dock11,Tnfrsf23,Gimap3,Dnaja3
FOUNDER_NAMES	
STANDARD_NAME	GOBP_LEUKOCYTE_HOMEOSTASIS
SYSTEMATIC_NAME	MM4060
COLLECTION	M5:GO:BP
MSIGDB_URL	https://www.gsea-msigdb.org/gsea/msigdb/mouse/geneset/GOBP_LEUKOCYTE_HOMEOSTASIS
NAMESPACE	Mouse_NCBI_Gene_ID
DESCRIPTION_BRIEF	The process of regulating the proliferation and elimination of cells of the immune system such that the total number of cells of a particular cell type within a whole or part of an organism is stable over time in the absence of an outside stimulus. [GOC:add, ISBN:0781735149]
DESCRIPTION_FULL	
PMID	
GEOID	
AUTHORS	
CONTRIBUTOR	Gene Ontology
CONTRIBUTOR_ORG	Gene Ontology Consortium
EXACT_SOURCE	GO:0001776
FILTERED_BY_SIMILARITY	
EXTERNAL_NAMES_FOR_SIMILAR_TERMS	
EXTERNAL_DETAILS_URL	http://amigo.geneontology.org/amigo/term/GO:0001776
SOURCE_MEMBERS	100561,103213,104416,105855,106947,107753,107975,108156,109246,109594,11350,11486,11491,11622,11651,12018,12028,12042,12043,12044,12125,12229,12328,12367,12442,12484,12505,12628,12721,12765,12772,12977,12978,14013,14062,14082,14102,14127,14130,14255,14385,14605,14728,14732,15139,15218,15251,15289,15978,16149,16150,16151,16173,16183,16184,16187,16193,16197,16409,16453,16797,16889,16923,16952,17096,17260,17283,17289,17311,17319,17480,18015,18089,18439,18578,18605,18707,18733,19052,19056,19373,20104,20296,20311,20371,20482,20662,20663,20739,207615,20850,20851,210293,213208,213439,21672,216892,21803,21808,218476,21929,21935,22163,22164,22362,22363,238875,23921,24099,26362,26570,27060,30936,30954,317757,319817,320404,320795,321019,381305,381560,383619,51792,53374,53945,54390,56532,57432,57916,58801,59032,70045,72049,74131,74769,75974,78591,79201,83408,83945,83964
GENE_SYMBOLS	Slc15a4,Traf3ip2,Bap1,Nckap1l,Slc39a3,Lgals2,Pacs1,Mthfd1,Tspan9,Lmo1,Abl1,Ada,Adam17,Ahr,Akt1,Bak1,Bax,Bcl10,Bcl2,Bcl2a1a,Bcl2l11,Btk,Caml,Casp3,Ccnb2,Cd24a,Cd44,Cfh,Coro1a,Cxcr2,Ccr2,Csf1,Csf1r,Mecom,F2r,Fadd,Fas,Fcer1g,Fcgr2b,Flt3,Slc37a4,Tsc22d3,Lilrb4a,Gpam,Hc,Foxn1,Hif1a,Hmgb1,Ifng,Cd74,Ikbkb,Ikbkg,Il18,Il2,Il2ra,Il3,Il6,Il7r,Itgam,Jak3,Lat,Lipa,Sh2b3,Anxa1,Lyn,Mef2c,Men1,Mertk,Kitl,Mif,Mpl,Nf1,Nkx2-3,P2rx7,Pde4b,Enpp1,Pik3cd,Pirb,Ppp2ca,Ppp3cb,Rag1,Rps6,Ccl2,Cxcl5,Foxp3,Skil,Sos1,Sos2,Spta1,Wdr37,Stat5a,Stat5b,Dock10,Il20rb,Gpr174,Prdx2,Spns2,Tgfb1,Tgfb2,Gcnt4,Tnfaip3,Tnfrsf17,Tnfrsf4,Tnfsf4,Vpreb1a,Vpreb1b,Gapt,Sh2b2,Tnfsf13b,Axl,Slc7a11,Tcirg1,Slc46a2,Siva1,Gimap5,Rc3h2,Itpkb,Pkn1,Gpr183,Rc3h1,Xkr8,Aim2,Ppp2r1a,Chst3,Slc40a1,Sit1,Ripk3,Zc3h8,Tnfrsf13b,Pmaip1,Ppp2r3c,Gpr15lg,Tnfrsf13c,Sash3,Pik3cb,Dock11,Mir142hg,Tnfrsf23,Gimap3,Dnaja3,Jam3
FOUNDER_NAMES	
STANDARD_NAME	GOBP_REGULATION_OF_IMMATURE_T_CELL_PROLIFERATION
SYSTEMATIC_NAME	MM6771
COLLECTION	M5:GO:BP
MSIGDB_URL	https://www.gsea-msigdb.org/gsea/msigdb/mouse/geneset/GOBP_REGULATION_OF_IMMATURE_T_CELL_PROLIFERATION
NAMESPACE	Mouse_NCBI_Gene_ID
DESCRIPTION_BRIEF	Any process that modulates the frequency, rate or extent of immature T cell proliferation. [GOC:add, GOC:mah]
DESCRIPTION_FULL	
PMID	
GEOID	
AUTHORS	
CONTRIBUTOR	Gene Ontology
CONTRIBUTOR_ORG	Gene Ontology Consortium
EXACT_SOURCE	GO:0033083
FILTERED_BY_SIMILARITY	GO:0033084
EXTERNAL_NAMES_FOR_SIMILAR_TERMS	regulation of immature T cell proliferation in thymus
EXTERNAL_DETAILS_URL	http://amigo.geneontology.org/amigo/term/GO:0033083
SOURCE_MEMBERS	12144,12151,12159,12479,12578,13866,14714,16147,16175,16176,192656,20371,20423,21942,21950,229473,75863
GENE_SYMBOLS	Blm,Bmi1,Bmp4,Cd1d1,Cdkn2a,Erbb2,Gnrh1,Ihh,Il1a,Il1b,Ripk2,Foxp3,Shh,Tnfrsf9,Tnfsf9,Tmem131l,Clec4g
FOUNDER_NAMES	
STANDARD_NAME	GOBP_REGULATION_OF_LEUKOCYTE_PROLIFERATION
SYSTEMATIC_NAME	MM9599
COLLECTION	M5:GO:BP
MSIGDB_URL	https://www.gsea-msigdb.org/gsea/msigdb/mouse/geneset/GOBP_REGULATION_OF_LEUKOCYTE_PROLIFERATION
NAMESPACE	Mouse_NCBI_Gene_ID
DESCRIPTION_BRIEF	Any process that modulates the frequency, rate or extent of leukocyte proliferation. [GOC:add, GOC:mah]
DESCRIPTION_FULL	
PMID	
GEOID	
AUTHORS	
CONTRIBUTOR	Gene Ontology
CONTRIBUTOR_ORG	Gene Ontology Consortium
EXACT_SOURCE	GO:0070663
FILTERED_BY_SIMILARITY	GO:0032944,GO:0050670
EXTERNAL_NAMES_FOR_SIMILAR_TERMS	regulation of mononuclear cell proliferation|regulation of lymphocyte proliferation
EXTERNAL_DETAILS_URL	http://amigo.geneontology.org/amigo/term/GO:0070663
SOURCE_MEMBERS	100328588,102657,105782,105855,106759,108723,109594,110557,110696,11444,114774,11486,11534,11596,11622,11629,117149,11846,11847,11920,11987,12043,12048,12053,12122,12144,12151,12159,12182,12229,12231,12367,12387,12477,12479,12480,12483,12484,12487,12493,12494,12501,12504,12505,12509,12511,12519,12520,12524,12575,12578,12608,12721,12772,12775,12798,12944,12977,12978,12981,12982,12983,12984,13136,13137,13383,13641,13844,13856,13866,14082,14083,14130,14165,14204,14256,14419,14714,14727,14728,14732,14870,14960,14963,14964,14972,14980,14985,14990,14997,14999,15000,15006,15007,15013,15015,15018,15024,15039,15040,15043,15170,15205,15223,15242,15289,15930,15944,15978,16000,16002,16008,16019,16147,16149,16153,16159,16160,16161,16163,16168,16173,16175,16176,16183,16184,16187,16189,16191,16193,16195,16196,16331,16362,16396,16408,16452,16453,16590,16792,16846,16854,16859,16952,16963,16988,170776,170779,170780,170786,170823,17096,17120,171285,17221,17260,17311,17319,17480,17874,17973,17974,18015,18019,18101,18106,18761,18780,18782,18784,18950,19055,19084,19099,19116,19122,19211,19226,19260,19264,192656,193385,19354,20293,20304,20371,20390,20423,20440,20533,20535,20555,20662,20663,20666,20737,20739,208154,20850,20851,20852,208650,209558,20963,20971,213208,21333,21336,21423,217303,21803,21813,21898,21938,21939,21942,21947,21950,22034,22042,22084,22163,22164,22177,22287,22329,22416,224753,224754,224756,224761,22637,227059,22724,22780,22788,229473,230979,234695,237256,237877,238555,23892,240095,24047,240873,24099,242122,242202,243958,245126,246779,26365,26413,26417,26970,26971,27027,27050,27218,278180,320484,320795,321019,329559,330817,333715,333883,380797,381305,384783,399549,434215,50723,54219,54354,54698,54721,547431,56532,56637,56708,57257,57438,57916,58205,59009,60505,60533,65113,65960,667803,66824,67245,68039,69165,69816,70103,71228,72049,74048,74131,74614,75863,76527,77125,78317,80795,81897,83430,83945,93675,93695,94185
GENE_SYMBOLS	Il4i1,Cd276,Scrib,Nckap1l,Ticam1,Card11,Lmo1,H2-Q6,H2-M10.3,Chrnb2,Pawr,Ada,Adk,Ager,Ahr,Aif1,Tirap,Arg1,Arg2,Atm,Slc7a1,Bcl2,Bcl2l1,Bcl6,Bid,Blm,Bmi1,Bmp4,Bst1,Btk,Btn1a1,Casp3,Ctnnb1,Ctla4,Cd1d1,Cd1d2,Cd22,Cd24a,Cd28,Cd37,Cd38,Cd3e,Cd4,Cd44,Cd59a,Cd6,Cd80,Cd81,Cd86,Cdkn1a,Cdkn2a,Cebpb,Coro1a,Ccr2,Ccr7,Cnn2,Crp,Csf1,Csf1r,Csf2,Csf2ra,Csf2rb,Csf2rb2,Cd55,Cd55b,Dlg1,Efnb1,Ephb2,Epo,Erbb2,Fadd,Ptk2,Fcgr2b,Fgf10,Il4i1,Flt3l,Gal,Gnrh1,Lilrb4b,Lilrb4a,Gpam,Gstp1,H2-Aa,H2-Bl,H2-D1,H2-K1,,H2-M10.1,H2-M2,H2-M9,H2-DMb1,H2-DMb2,H2-Q1,H2-Q10,H2-Q2,H2-Q4,H2-Q7,H2-T10,H2-T22,H2-T23,H2-T3,Ptpn6,Hes1,Foxj1,Hhex,Hmgb1,Ido1,Irgm1,Ifng,Igf1,Igf2,Igfbp2,Ighm,Ihh,Cd74,Il10,Il12a,Il12b,Il12rb1,Il13,Il15,Il18,Il1a,Il1b,Il2,Il2ra,Il3,Il4,Il5,Il6,Il6st,Il7,Inpp5d,Irf1,Itch,Itgal,Jak2,Jak3,Kit,Laptm5,Lep,Lgals3,Lgals9,Anxa1,Xcl1,Lst1,Cd209c,Cd209d,Cd209e,Cd209a,Glmn,Lyn,Mad1l1,Havcr2,Cd46,Mef2c,Kitl,Mif,Mpl,Myd88,Nck1,Nck2,Nf1,Nfatc2,Nmbr,Cd244a,Prkcq,Pla2g2a,Pla2g2d,Pla2g5,Pnp,Ppp3ca,Prkar1a,Mapk8ip1,Prlr,Prnp,Pten,Pth,Ptpn22,Ptprc,Ripk2,Ripor2,Rac2,Ccl12,Ccl5,Foxp3,Sftpd,Shh,St6gal1,Slc4a1,Slc4a2,Slfn1,Sos1,Sos2,Sox11,Spn,Spta1,Btla,Stat5a,Stat5b,Stat6,Cblb,Enpp3,Syk,Sdc4,Il20rb,Tac1,Tacr1,Tcf3,Cd300a,Tgfb1,Tgfbr2,Tlr4,Tnfrsf1b,Cd40,Tnfrsf9,Cd40lg,Tnfsf9,Traf6,Tfrc,Tsc2,Tnfrsf4,Tnfsf4,Tyrobp,Scgb1a1,Vcam1,Wnt3a,H2-M10.4,H2-M11,H2-M1,H2-M10.5,Zap70,Slc39a10,Zbtb7b,Ikzf3,Zp3,Tmem131l,Tnfrsf14,Carmil2,Zc3h12d,Atad5,Btn2a2,Grem1,H2-M5,Ccl19,Tnfsf18,Tnfsf13b,Vtcn1,Pde5a,Siglecg,Tarm1,Il27,Ceacam1,Mapk1,Mapk3,Pla2g2e,Pla2g2f,Tspan32,Rps3,Slamf1,Vsig4,Rasal3,Pkn1,Gpr183,Zfp335,Dhps,H2-M10.2,Cd59b,Ighd,Rc3h1,Irs2,H2-M10.6,Lrrc32,Icosl,Cd320,Rassf5,Crtam,Tyk2,Btnl2,Ripk3,Gsk3b,Clcf1,Vav3,Marchf7,Tnfrsf13b,Pdcd1lg2,Sh3rf1,Il21,Cd274,Ndfip1,Twsg1,H2-T-ps,Pycard,Peli1,Nmb,Cd209b,Mzb1,Znhit1,Dlg5,Tnfrsf13c,Vsir,Sash3,Ocstamp,Clec4g,Il34,Il33,Ccdc88b,Selenok,Tlr9,Il23a,Dnaja3,Clec2i,Gpnmb,Tnfrsf21
FOUNDER_NAMES	
STANDARD_NAME	GOBP_REGULATION_OF_NATURAL_KILLER_CELL_PROLIFERATION
SYSTEMATIC_NAME	MM6697
COLLECTION	M5:GO:BP
MSIGDB_URL	https://www.gsea-msigdb.org/gsea/msigdb/mouse/geneset/GOBP_REGULATION_OF_NATURAL_KILLER_CELL_PROLIFERATION
NAMESPACE	Mouse_NCBI_Gene_ID
DESCRIPTION_BRIEF	Any process that modulates the frequency, rate or extent of natural killer cell proliferation. [GOC:mah]
DESCRIPTION_FULL	
PMID	
GEOID	
AUTHORS	
CONTRIBUTOR	Gene Ontology
CONTRIBUTOR_ORG	Gene Ontology Consortium
EXACT_SOURCE	GO:0032817
FILTERED_BY_SIMILARITY	GO:0032819
EXTERNAL_NAMES_FOR_SIMILAR_TERMS	positive regulation of natural killer cell proliferation
EXTERNAL_DETAILS_URL	http://amigo.geneontology.org/amigo/term/GO:0032817
SOURCE_MEMBERS	110557,110696,14256,14963,14964,14972,14980,14985,14990,14997,15006,15007,15013,15015,15018,15024,15039,15040,15043,16160,16168,16173,16452,16846,18106,19260,20851,224753,224754,224756,224761,240095,333715,399549,54721,667803,83430
GENE_SYMBOLS	H2-Q6,H2-M10.3,Flt3l,H2-Bl,H2-D1,H2-K1,,H2-M10.1,H2-M2,H2-M9,H2-Q1,H2-Q10,H2-Q2,H2-Q4,H2-Q7,H2-T10,H2-T22,H2-T23,H2-T3,Il12b,Il15,Il18,Jak2,Lep,Cd244a,Ptpn22,Stat5b,H2-M10.4,H2-M11,H2-M1,H2-M10.5,H2-M5,H2-M10.2,H2-M10.6,Tyk2,H2-T-ps,Il23a
FOUNDER_NAMES	
STANDARD_NAME	GOBP_REGULATION_OF_NK_T_CELL_PROLIFERATION
SYSTEMATIC_NAME	MM8667
COLLECTION	M5:GO:BP
MSIGDB_URL	https://www.gsea-msigdb.org/gsea/msigdb/mouse/geneset/GOBP_REGULATION_OF_NK_T_CELL_PROLIFERATION
NAMESPACE	Mouse_NCBI_Gene_ID
DESCRIPTION_BRIEF	Any process that modulates the frequency, rate or extent of natural killer T cell proliferation. [ISBN:0781735149, PMID:12154375, PMID:9133426]
DESCRIPTION_FULL	
PMID	
GEOID	
AUTHORS	
CONTRIBUTOR	Gene Ontology
CONTRIBUTOR_ORG	Gene Ontology Consortium
EXACT_SOURCE	GO:0051140
FILTERED_BY_SIMILARITY	GO:0051142
EXTERNAL_NAMES_FOR_SIMILAR_TERMS	positive regulation of NK T cell proliferation
EXTERNAL_DETAILS_URL	http://amigo.geneontology.org/amigo/term/GO:0051140
SOURCE_MEMBERS	16160,16173,16452,22724,320484,54721,83430
GENE_SYMBOLS	Il12b,Il18,Jak2,Zbtb7b,Rasal3,Tyk2,Il23a
FOUNDER_NAMES	
STANDARD_NAME	GOBP_REGULATION_OF_PEROXISOME_PROLIFERATOR_ACTIVATED_RECEPTOR_SIGNALING_PATHWAY
SYSTEMATIC_NAME	MM7088
COLLECTION	M5:GO:BP
MSIGDB_URL	https://www.gsea-msigdb.org/gsea/msigdb/mouse/geneset/GOBP_REGULATION_OF_PEROXISOME_PROLIFERATOR_ACTIVATED_RECEPTOR_SIGNALING_PATHWAY
NAMESPACE	Mouse_NCBI_Gene_ID
DESCRIPTION_BRIEF	Any process that modulates the frequency, rate or extent of the peroxisome proliferator activated receptor signaling pathway. [GOC:bf]
DESCRIPTION_FULL	
PMID	
GEOID	
AUTHORS	
CONTRIBUTOR	Gene Ontology
CONTRIBUTOR_ORG	Gene Ontology Consortium
EXACT_SOURCE	GO:0035358
FILTERED_BY_SIMILARITY	
EXTERNAL_NAMES_FOR_SIMILAR_TERMS	
EXTERNAL_DETAILS_URL	http://amigo.geneontology.org/amigo/term/GO:0035358
SOURCE_MEMBERS	109593,11687,11688,12156,13110,16592,16846,17684,19223,22160,228790,56018,56310,66968,75302,93759
GENE_SYMBOLS	Lmo3,Alox15,Alox8,Bmp2,Cyp2j6,Fabp5,Lep,Cited2,Ptgis,Twist1,Asxl1,Stard10,Gps2,Plin5,Asxl2,Sirt1
FOUNDER_NAMES	
STANDARD_NAME	GOBP_REGULATION_OF_T_CELL_PROLIFERATION
SYSTEMATIC_NAME	MM7381
COLLECTION	M5:GO:BP
MSIGDB_URL	https://www.gsea-msigdb.org/gsea/msigdb/mouse/geneset/GOBP_REGULATION_OF_T_CELL_PROLIFERATION
NAMESPACE	Mouse_NCBI_Gene_ID
DESCRIPTION_BRIEF	Any process that modulates the frequency, rate or extent of T cell proliferation. [GOC:jl]
DESCRIPTION_FULL	
PMID	
GEOID	
AUTHORS	
CONTRIBUTOR	Gene Ontology
CONTRIBUTOR_ORG	Gene Ontology Consortium
EXACT_SOURCE	GO:0042129
FILTERED_BY_SIMILARITY	
EXTERNAL_NAMES_FOR_SIMILAR_TERMS	
EXTERNAL_DETAILS_URL	http://amigo.geneontology.org/amigo/term/GO:0042129
SOURCE_MEMBERS	100328588,102657,105782,105855,108723,109594,110557,110696,114774,11534,11596,11629,11846,11847,11987,12053,12122,12144,12151,12159,12231,12367,12387,12477,12479,12480,12484,12487,12493,12501,12504,12505,12509,12511,12519,12520,12524,12578,12608,12721,12772,12775,13136,13137,13383,13641,13856,13866,14082,14204,14714,14727,14728,14732,14960,14963,14964,14972,14980,14985,14990,14997,14999,15000,15006,15007,15013,15015,15018,15024,15039,15040,15043,15170,15205,15223,15289,15930,15944,15978,16000,16002,16008,16147,16159,16160,16161,16168,16173,16175,16176,16183,16184,16187,16189,16193,16195,16362,16396,16408,16452,16453,16792,16846,16854,16859,16952,16963,170776,170779,170780,170786,170823,17120,171285,17221,17311,17973,17974,18106,18761,18780,18782,18784,18950,19055,19084,19099,19122,19211,19260,19264,192656,193385,19354,20304,20371,20390,20423,20533,20535,20555,20662,20663,20737,20739,208154,20850,20851,208650,20963,20971,213208,21803,21813,21938,21942,21947,21950,22034,22042,22084,22164,22287,22329,224753,224754,224756,224761,22637,22724,22788,229473,230979,234695,237256,238555,240095,24047,240873,24099,242122,242202,245126,246779,26365,26970,26971,27027,27050,27218,278180,320484,330817,333715,333883,381305,399549,434215,50723,54698,54721,547431,56532,57438,58205,59009,60505,60533,65113,65960,667803,66824,67245,69165,70103,71228,72049,74048,74131,75863,78317,80795,83430,83945,93675,93695,94185
GENE_SYMBOLS	Il4i1,Cd276,Scrib,Nckap1l,Card11,Lmo1,H2-Q6,H2-M10.3,Pawr,Adk,Ager,Aif1,Arg1,Arg2,Slc7a1,Bcl6,Bid,Blm,Bmi1,Bmp4,Btn1a1,Casp3,Ctnnb1,Ctla4,Cd1d1,Cd1d2,Cd24a,Cd28,Cd37,Cd3e,Cd4,Cd44,Cd59a,Cd6,Cd80,Cd81,Cd86,Cdkn2a,Cebpb,Coro1a,Ccr2,Ccr7,Cd55,Cd55b,Dlg1,Efnb1,Epo,Erbb2,Fadd,Il4i1,Gnrh1,Lilrb4b,Lilrb4a,Gpam,H2-Aa,H2-Bl,H2-D1,H2-K1,,H2-M10.1,H2-M2,H2-M9,H2-DMb1,H2-DMb2,H2-Q1,H2-Q10,H2-Q2,H2-Q4,H2-Q7,H2-T10,H2-T22,H2-T23,H2-T3,Ptpn6,Hes1,Foxj1,Hmgb1,Ido1,Irgm1,Ifng,Igf1,Igf2,Igfbp2,Ihh,Il12a,Il12b,Il12rb1,Il15,Il18,Il1a,Il1b,Il2,Il2ra,Il3,Il4,Il6,Il6st,Irf1,Itch,Itgal,Jak2,Jak3,Laptm5,Lep,Lgals3,Lgals9,Anxa1,Xcl1,Cd209c,Cd209d,Cd209e,Cd209a,Glmn,Mad1l1,Havcr2,Cd46,Kitl,Nck1,Nck2,Cd244a,Prkcq,Pla2g2a,Pla2g2d,Pla2g5,Pnp,Ppp3ca,Prkar1a,Mapk8ip1,Prnp,Pten,Ptpn22,Ptprc,Ripk2,Ripor2,Rac2,Ccl5,Foxp3,Sftpd,Shh,Slc4a1,Slc4a2,Slfn1,Sos1,Sos2,Spn,Spta1,Btla,Stat5a,Stat5b,Cblb,Syk,Sdc4,Il20rb,Tgfb1,Tgfbr2,Tnfrsf1b,Tnfrsf9,Cd40lg,Tnfsf9,Traf6,Tfrc,Tsc2,Tnfsf4,Scgb1a1,Vcam1,H2-M10.4,H2-M11,H2-M1,H2-M10.5,Zap70,Zbtb7b,Zp3,Tmem131l,Tnfrsf14,Carmil2,Zc3h12d,Btn2a2,H2-M5,Ccl19,Tnfsf18,Tnfsf13b,Vtcn1,Pde5a,Tarm1,Il27,Ceacam1,Pla2g2e,Pla2g2f,Tspan32,Rps3,Slamf1,Vsig4,Rasal3,Dhps,H2-M10.2,Cd59b,Rc3h1,H2-M10.6,Lrrc32,Icosl,Crtam,Tyk2,Btnl2,Ripk3,Marchf7,Pdcd1lg2,Sh3rf1,Il21,Cd274,Ndfip1,Twsg1,H2-T-ps,Pycard,Peli1,Cd209b,Znhit1,Dlg5,Tnfrsf13c,Vsir,Sash3,Clec4g,Ccdc88b,Selenok,Il23a,Dnaja3,Clec2i,Gpnmb,Tnfrsf21
FOUNDER_NAMES	
STANDARD_NAME	GOBP_T_CELL_HOMEOSTASIS
SYSTEMATIC_NAME	MM7534
COLLECTION	M5:GO:BP
MSIGDB_URL	https://www.gsea-msigdb.org/gsea/msigdb/mouse/geneset/GOBP_T_CELL_HOMEOSTASIS
NAMESPACE	Mouse_NCBI_Gene_ID
DESCRIPTION_BRIEF	The process of regulating the proliferation and elimination of T cells such that the total number of T cells within a whole or part of an organism is stable over time in the absence of an outside stimulus. [GOC:mgi_curators, ISBN:0781735149]
DESCRIPTION_FULL	
PMID	
GEOID	
AUTHORS	
CONTRIBUTOR	Gene Ontology
CONTRIBUTOR_ORG	Gene Ontology Consortium
EXACT_SOURCE	GO:0043029
FILTERED_BY_SIMILARITY	
EXTERNAL_NAMES_FOR_SIMILAR_TERMS	
EXTERNAL_DETAILS_URL	http://amigo.geneontology.org/amigo/term/GO:0043029
SOURCE_MEMBERS	105855,106947,107753,109594,11622,11651,12028,12043,12125,12367,12442,12484,12721,14082,14102,14605,14732,15218,16183,16184,16197,16453,18439,19052,19056,19373,20104,20850,20851,213208,213439,21672,216892,21803,21808,22163,22164,27060,30936,30954,317757,319817,381305,383619,51792,53374,54390,56532,57432,58801,59032,70045,79201,83408,83945
GENE_SYMBOLS	Nckap1l,Slc39a3,Lgals2,Lmo1,Ahr,Akt1,Bax,Bcl2,Bcl2l11,Casp3,Ccnb2,Cd24a,Coro1a,Fadd,Fas,Tsc22d3,Gpam,Foxn1,Il2,Il2ra,Il7r,Jak3,P2rx7,Ppp2ca,Ppp3cb,Rag1,Rps6,Stat5a,Stat5b,Il20rb,Gpr174,Prdx2,Spns2,Tgfb1,Tgfb2,Tnfrsf4,Tnfsf4,Tcirg1,Slc46a2,Siva1,Gimap5,Rc3h2,Rc3h1,Aim2,Ppp2r1a,Chst3,Sit1,Ripk3,Zc3h8,Pmaip1,Ppp2r3c,Gpr15lg,Tnfrsf23,Gimap3,Dnaja3
FOUNDER_NAMES	
STANDARD_NAME	GOMF_PEROXISOME_PROLIFERATOR_ACTIVATED_RECEPTOR_BINDING
SYSTEMATIC_NAME	MM13966
COLLECTION	M5:GO:MF
MSIGDB_URL	https://www.gsea-msigdb.org/gsea/msigdb/mouse/geneset/GOMF_PEROXISOME_PROLIFERATOR_ACTIVATED_RECEPTOR_BINDING
NAMESPACE	Mouse_NCBI_Gene_ID
DESCRIPTION_BRIEF	Binding to a peroxisome proliferator activated receptor, alpha, beta or gamma. [GOC:jl, PMID:12769781]
DESCRIPTION_FULL	
PMID	
GEOID	
AUTHORS	
CONTRIBUTOR	Gene Ontology
CONTRIBUTOR_ORG	Gene Ontology Consortium
EXACT_SOURCE	GO:0042975
FILTERED_BY_SIMILARITY	
EXTERNAL_NAMES_FOR_SIMILAR_TERMS	
EXTERNAL_DETAILS_URL	http://amigo.geneontology.org/amigo/term/GO:0042975
SOURCE_MEMBERS	110074,111241,12914,13983,14245,15361,15468,16151,17246,17979,19014,19017,20185,211961,228790,23957,320165,328572,56406,67025,73181,75302
GENE_SYMBOLS	Dut,Hmga1b,Crebbp,Esr2,Lpin1,Hmga1,Prmt2,Ikbkg,Mdm2,Ncoa3,Med1,Ppargc1a,Ncor1,Asxl3,Asxl1,Nr0b2,Tacc1,Ep300,Ncoa6,Rpl11,Nfatc4,Asxl2
FOUNDER_NAMES	
STANDARD_NAME	REACTOME_VEGFR2_MEDIATED_CELL_PROLIFERATION
SYSTEMATIC_NAME	MM15171
COLLECTION	M2:CP:REACTOME
MSIGDB_URL	https://www.gsea-msigdb.org/gsea/msigdb/mouse/geneset/REACTOME_VEGFR2_MEDIATED_CELL_PROLIFERATION
NAMESPACE	Mouse_Ensembl_Gene_ID
DESCRIPTION_BRIEF	VEGFR2 mediated cell proliferation
DESCRIPTION_FULL	
PMID	
GEOID	
AUTHORS	
CONTRIBUTOR	Reactome
CONTRIBUTOR_ORG	Reactome
EXACT_SOURCE	R-MMU-5218921
FILTERED_BY_SIMILARITY	
EXTERNAL_NAMES_FOR_SIMILAR_TERMS	
EXTERNAL_DETAILS_URL	https://www.reactome.org/content/detail/R-MMU-5218921
SOURCE_MEMBERS	ENSMUSG00000016933,ENSMUSG00000021549,ENSMUSG00000021948,ENSMUSG00000023951,ENSMUSG00000024122,ENSMUSG00000025499,ENSMUSG00000027646,ENSMUSG00000029053,ENSMUSG00000030265,ENSMUSG00000052889,ENSMUSG00000061878,ENSMUSG00000062960
GENE_SYMBOLS	Plcg1,Rasa1,Prkcd,Vegfa,Pdpk1,Hras,Src,Prkcz,Kras,Prkcb,Sphk1,Kdr
FOUNDER_NAMES	
