STANDARD_NAME	BIOCARTA_CTLA4_PATHWAY
SYSTEMATIC_NAME	MM1512
COLLECTION	M2:CP:BIOCARTA
MSIGDB_URL	https://www.gsea-msigdb.org/gsea/msigdb/mouse/geneset/BIOCARTA_CTLA4_PATHWAY
NAMESPACE	MOUSE_SEQ_ACCESSION
DESCRIPTION_BRIEF	The Co-Stimulatory Signal During T-cell Activation
DESCRIPTION_FULL	For a T cell to be activated by a specific antigen, the T cell receptor must recognize complexes of MHCI with the antigen on the surface of an antigen-presenting cell. T cells and the T cell receptor complex do not respond to antigen in solution, but even for the specific antigen they only respond to antigen-MHC-1 complexes on the cell surface. This interaction is necessary for T cell activation, but it is not sufficient. T cell activation also requires a co-stimulatory signal involving interaction of CD28 on the T cell with CD80 or CD86 (B7 family genes) on the antigen-presenting cell. CD28 activates a signal transduction pathway acting through PI-3K, Lck and Grb-2/ITK to provide its co-stimulatory signal for T cell activation. Another means to control T cell activation is by expressing factors that down-regulate T cell activation. Signaling by activated T cell receptors induces expression of CTLA-4, a receptor that opposes T cell activation. CTLA-4 has a higher affinity than CD28 for B7 proteins, terminating T cell activation. ICOS is a protein related to CD28 that is only expressed on activated T cells, and that provides another important co-stimulatory signal. The requirement for co-stimulatory signals provides additional control mechanisms that prevent inappropriate and hazardous T cell activation.
PMID	
GEOID	
AUTHORS	
CONTRIBUTOR	BioCarta
CONTRIBUTOR_ORG	BioCarta
EXACT_SOURCE	
FILTERED_BY_SIMILARITY	
EXTERNAL_NAMES_FOR_SIMILAR_TERMS	
EXTERNAL_DETAILS_URL	https://data.broadinstitute.org/gsea-msigdb/msigdb/biocarta/mouse/m_ctla4Pathway.gif
SOURCE_MEMBERS	AK080019,BG694441,BU515502,CB570680,NM_001024955,NM_001109992,NM_001162432,NM_007642,NM_007648,NM_008163,NM_008366,NM_008839,NM_009843,NM_009850,NM_009855,NM_010583,NM_013487,NM_017480,NM_019388,NM_031162
GENE_SYMBOLS	Cd247,,,Ptpn11,Pik3r1,Ptpn11,Lck,Cd28,Cd3e,Grb2,Il2,Pik3ca,Ctla4,Cd3g,Cd80,Itk,Cd3d,Icos,Cd86,Cd247
FOUNDER_NAMES	
STANDARD_NAME	BIOCARTA_IL2RB_PATHWAY
SYSTEMATIC_NAME	MM1418
COLLECTION	M2:CP:BIOCARTA
MSIGDB_URL	https://www.gsea-msigdb.org/gsea/msigdb/mouse/geneset/BIOCARTA_IL2RB_PATHWAY
NAMESPACE	MOUSE_SEQ_ACCESSION
DESCRIPTION_BRIEF	IL-2 Receptor Beta Chain in T cell Activation
DESCRIPTION_FULL	The IL-2 receptor is a key component of immune signaling and is required for the activation, proliferation, and survival of T cells. This receptor is composed of three polypeptide chains, the alpha, beta and gamma chains. The IL-2 receptor gamma chain is a common component for several other cytokine receptors, including IL-4, IL-7, IL-9 and IL-15. The IL-2 receptor beta chain is essential for IL-2 signaling and is also a component of the IL-15 receptor complex. The polypeptides of the IL-2 receptor do not themselves have intrinsic catalytic activity, but interact with cytoplasmic signaling proteins to transduce signals. br&gt;Different regions of the cytoplasmic domain of the IL-2 receptor beta chain interact and couple with distinct signaling pathways and cellular responses. JAK1 associates with the beta chain, and JAK3 with the gamma chain. Binding of IL-2 induces heterodimerization of receptor subunits, and activation of JAK kinase activity. Tyrosine residues in the beta chain cytoplasmic domain are phosphorylated during activation, recruiting other factors to the phosphorylated tyrosine residues through src homology 2 (SH2) domains. The adaptor protein Shc binds to phosphorylated tyrosine 338 of the beta chain. When bound, Shc is phosphorylated and couples through Grb2 and Sos-1 to activate Ras and stimulate T cell proliferation. Another key proliferative pathway activated by IL-2 is phosphorylation of STAT-5 by JAK kinases. STAT-5 is recruited to IL-2 beta phosphorylated tyrosines at multiple positions, including Y338, Y392 and Y510. Once phosphorylated, STAT-5 enters the nucleus to regulate the transcription of several genes, some proliferative such as cyclin genes and others that are involved in T cell immune function such as cytokine genes. The suppressors of cytokine activation, SOCS-3 and SOCS-1, oppose phosphorylation and activation of STAT-5 and JAK1 caused by IL-2. PI3 kinase is another protein recruited to IL-2 receptor beta chain tyrosines when phosphorylated. Activation of PI3 Kinase also contributes to the proliferative activity of IL-2 in T cells. The role of other tyrosines in the IL-2 receptor beta chain, Y355, Y358 and Y361, is not yet clear, but may be involved in signaling by the protein kinase p56lck. In addition to stimulating T cell activation and proliferation, IL-2 activation blocks T cell apoptosis through multiple pathways. Among the genes activated by STAT-5 are BCL-xL, an inhibitor of apoptosis, and fas-ligand, an activator of apoptosis in cells expressed the fas receptor. PI3 kinase also contributes to anti-apoptotic activity of IL-2 through AKT activation. T cell responses to IL-2 must be coordinated in part in the complex protein-protein interactions with the IL-2 receptor beta chain.
PMID	
GEOID	
AUTHORS	
CONTRIBUTOR	BioCarta
CONTRIBUTOR_ORG	BioCarta
EXACT_SOURCE	
FILTERED_BY_SIMILARITY	
EXTERNAL_NAMES_FOR_SIMILAR_TERMS	
EXTERNAL_DETAILS_URL	https://data.broadinstitute.org/gsea-msigdb/msigdb/biocarta/mouse/m_il2rbPathway.gif
SOURCE_MEMBERS	AK004152,AK042377,AK053930,AK143689,AK155158,AV287211,BC023080,BG694441,BU515502,BY761703,CA460766,NM_001024955,NM_001038663,NM_001113563,NM_001146200,NM_001146708,NM_001164062,NM_001165894,NM_001177353,NM_001190830,NM_001198977,NM_001205243,NM_007522,NM_007619,NM_007707,NM_007764,NM_007891,NM_008163,NM_008284,NM_008367,NM_008368,NM_008839,NM_009231,NM_009805,NM_009896,NM_010234,NM_010570,NM_011771,NM_011952,NM_013545,NM_013563,NM_019401,NM_028259,NM_029780,NM_146145,NM_177410
GENE_SYMBOLS	Ikzf3,Pik3cg,Rps6kb1,Rps6kb1,Shc1,,Crkl,,,,,Pik3r1,Mapk1,Stat5b,Pik3cg,Fas,Stat5a,Akt1,Myc,Jak3,Syk,Fasl,Bad,Cbl,Socs3,Crkl,E2f1,Grb2,Hras,Il2ra,Il2rb,Pik3ca,Sos1,Cflar,Socs1,Fos,Irs1,Ikzf3,Mapk3,Ptpn6,Il2rg,Nmi,Rps6kb1,Raf1,Jak1,Bcl2
FOUNDER_NAMES	
STANDARD_NAME	GOBP_ACTIVATED_T_CELL_PROLIFERATION
SYSTEMATIC_NAME	MM8525
COLLECTION	M5:GO:BP
MSIGDB_URL	https://www.gsea-msigdb.org/gsea/msigdb/mouse/geneset/GOBP_ACTIVATED_T_CELL_PROLIFERATION
NAMESPACE	Mouse_NCBI_Gene_ID
DESCRIPTION_BRIEF	The expansion of a T cell population following activation by an antigenic stimulus. [GOC:add, GOC:dph]
DESCRIPTION_FULL	
PMID	
GEOID	
AUTHORS	
CONTRIBUTOR	Gene Ontology
CONTRIBUTOR_ORG	Gene Ontology Consortium
EXACT_SOURCE	GO:0050798
FILTERED_BY_SIMILARITY	
EXTERNAL_NAMES_FOR_SIMILAR_TERMS	
EXTERNAL_DETAILS_URL	http://amigo.geneontology.org/amigo/term/GO:0050798
SOURCE_MEMBERS	105782,11350,11596,11846,12231,12367,12484,12524,13848,13856,14082,14360,14727,14728,14732,15289,15930,16000,16002,16008,16160,16161,16173,16183,16184,16189,16408,16409,16411,16414,16453,16792,19055,19084,19122,20230,20850,20851,21950,22164,238555,27050,27218,381305,381924,434215,50723,54698,56532,58205,60533,66824,83430
GENE_SYMBOLS	Scrib,Abl1,Ager,Arg1,Btn1a1,Casp3,Cd24a,Cd86,Ephb6,Epo,Fadd,Fyn,Lilrb4b,Lilrb4a,Gpam,Hmgb1,Ido1,Igf1,Igf2,Igfbp2,Il12b,Il12rb1,Il18,Il2,Il2ra,Il4,Itgal,Itgam,Itgax,Itgb2,Jak3,Laptm5,Ppp3ca,Prkar1a,Prnp,Satb1,Stat5a,Stat5b,Tnfsf9,Tnfsf4,Btn2a2,Rps3,Slamf1,Rc3h1,Itgad,Lrrc32,Icosl,Crtam,Ripk3,Pdcd1lg2,Cd274,Pycard,Il23a
FOUNDER_NAMES	
STANDARD_NAME	GOBP_ACTIVATION_INDUCED_CELL_DEATH_OF_T_CELLS
SYSTEMATIC_NAME	MM4909
COLLECTION	M5:GO:BP
MSIGDB_URL	https://www.gsea-msigdb.org/gsea/msigdb/mouse/geneset/GOBP_ACTIVATION_INDUCED_CELL_DEATH_OF_T_CELLS
NAMESPACE	Mouse_NCBI_Gene_ID
DESCRIPTION_BRIEF	A T cell apoptotic process that occurs towards the end of the expansion phase following the initial activation of mature T cells by antigen and is triggered by T cell receptor stimulation and signals transmitted via various surface-expressed members of the TNF receptor family such as Fas ligand, Fas, and TNF and the p55 and p75 TNF receptors. [GOC:add, GOC:mtg_apoptosis, ISBN:0781765196, PMID:12414721, PMID:12752672]
DESCRIPTION_FULL	
PMID	
GEOID	
AUTHORS	
CONTRIBUTOR	Gene Ontology
CONTRIBUTOR_ORG	Gene Ontology Consortium
EXACT_SOURCE	GO:0006924
FILTERED_BY_SIMILARITY	
EXTERNAL_NAMES_FOR_SIMILAR_TERMS	
EXTERNAL_DETAILS_URL	http://amigo.geneontology.org/amigo/term/GO:0006924
SOURCE_MEMBERS	11651,14082,14102,14605,14732,16184,20104,21808,22163,22164,30954,56532,79201,83945
GENE_SYMBOLS	Akt1,Fadd,Fas,Tsc22d3,Gpam,Il2ra,Rps6,Tgfb2,Tnfrsf4,Tnfsf4,Siva1,Ripk3,Tnfrsf23,Dnaja3
FOUNDER_NAMES	
STANDARD_NAME	GOBP_ACTIVATION_OF_IMMUNE_RESPONSE
SYSTEMATIC_NAME	MM4212
COLLECTION	M5:GO:BP
MSIGDB_URL	https://www.gsea-msigdb.org/gsea/msigdb/mouse/geneset/GOBP_ACTIVATION_OF_IMMUNE_RESPONSE
NAMESPACE	Mouse_NCBI_Gene_ID
DESCRIPTION_BRIEF	Any process that initiates an immune response. [GO_REF:0000022, GOC:add, ISBN:0781735149]
DESCRIPTION_FULL	
PMID	
GEOID	
AUTHORS	
CONTRIBUTOR	Gene Ontology
CONTRIBUTOR_ORG	Gene Ontology Consortium
EXACT_SOURCE	GO:0002253
FILTERED_BY_SIMILARITY	
EXTERNAL_NAMES_FOR_SIMILAR_TERMS	
EXTERNAL_DETAILS_URL	http://amigo.geneontology.org/amigo/term/GO:0002253
SOURCE_MEMBERS	100033459,100038862,100040462,100061,100340,100502841,100503878,100535,100561,101476,101540,101613,102626,102639543,102639802,102640920,102657,104418,105352,105855,106759,106957,107321,107515,107607,107746,108067,108655,108723,108960,109828,109880,109905,110382,110651,110957,11350,114643,114774,11486,11537,117149,11774,11801,11820,11845,12028,12034,12042,12043,12047,12143,12169,12229,12231,12258,12259,12260,12261,12262,12263,12266,12267,12268,12269,12273,12274,12279,12297,12298,12362,12363,12368,12389,12475,12477,12478,12482,12483,12487,12491,12494,12501,12503,12509,12518,12520,12524,12525,12628,12630,12675,12775,12902,12927,12929,12944,12946,12988,13057,13136,13137,13205,13667,13709,13982,14063,140792,14127,14133,14134,14251,14283,14284,14289,14290,14291,14293,14294,142980,14360,14375,14462,14468,14469,14479,14525,14581,14727,14728,14747,14756,14762,14784,14962,15139,15170,15289,15461,15481,15510,15519,15944,15950,15951,15978,15985,16016,16017,16019,16021,16145,16151,16176,16179,16362,16363,16364,16365,16423,16428,16523,16534,16641,16642,16643,16678,16784,16792,16797,16803,16818,16822,16854,16889,17002,17060,170737,170743,170744,17087,17096,171285,17164,17174,17175,17184,17194,17195,17221,17260,17441,17874,18019,18033,18035,18038,18081,18124,18176,18578,18607,18636,18673,18708,18751,18754,18755,18760,18803,18828,19052,19090,19106,19122,19164,19165,19211,192194,192231,19255,19260,19264,192656,19271,19280,19294,195046,195564,19695,19697,20128,20186,20218,20371,20400,20466,20480,20662,20779,20834,208650,20869,209354,209387,20963,210757,210766,210808,211550,21357,214403,214763,21577,216190,216799,21682,216869,216877,217069,217166,217303,217365,217715,21838,21897,21898,21899,21926,21929,21939,22031,22034,22038,22040,22165,22174,22177,22217,22230,22259,22284,22350,223664,223752,224045,224727,224762,224840,224860,224938,225471,225825,225913,22596,22637,226421,226422,226691,226695,227059,22789,228136,228607,228801,229898,229900,230073,230126,230558,230613,230622,230623,230738,230787,231130,231655,231699,231798,232341,232345,232371,232944,233079,234311,234695,234779,236312,237754,237868,238447,238555,23880,238871,239081,23921,239447,23960,23961,239743,240354,240518,240754,24088,24105,242122,242594,242627,242691,243262,243655,243910,244183,244202,246177,246727,246729,246730,246746,257632,26409,26413,26419,268749,268857,268973,26940,27007,270151,27028,27050,27419,278180,279572,28185,30936,317677,319236,319430,319817,320019,320407,320640,321020,321021,327957,328505,328795,329260,329693,329918,329919,333883,368203,378460,380792,380793,380794,380795,381305,381308,382551,383619,384059,404711,414084,432940,434219,503550,50702,50723,50908,50909,52065,53610,53791,54123,54131,54215,54396,54445,54483,545366,545384,54633,547431,55932,55992,56085,56174,56310,56480,56496,56619,56620,56644,56715,56743,56792,57257,57738,57783,58179,58185,58203,59079,59125,623121,624681,625018,631323,632126,634132,637515,639774,639781,64383,64685,64817,65221,66166,66214,66220,66271,66592,66645,66650,667277,667612,667823,66824,66873,66878,67070,67245,67313,67596,67664,67705,67917,67933,68077,68119,68585,69097,69368,69379,69601,69727,70110,70312,70572,71268,71398,71481,71514,71586,71693,71956,72179,72349,72512,72699,72993,73242,73914,73945,74015,74039,74136,74256,74556,74585,74998,75083,75454,76438,76681,77647,77799,78308,78473,78781,79554,80859,80861,80912,80913,81702,81897,83433,83490,93675,93687,93765,94091,94185,96935,98999
GENE_SYMBOLS	Ifi208,Btnl1,Mndal,Lrrc19,Smpdl3b,Epg5,Zfp683,Oas1d,Slc15a4,Plekha1,Prkd2,Nlrp6,Mapkapk3,Ifi206,Btnl12,Pvrig,Cd276,Dgkz,Dusp22,Nckap1l,Ticam1,Slc39a6,Lpxn,Lgr4,Nod1,Rapgef1,Eif2b3,Foxp1,Card11,Irak2,C7,Braf,Rap1a,C8b,Rps6ka3,D1Pas1,Abl1,Oas1c,Pawr,Ada,Cfd,Tirap,Ap3b1,Cd5l,App,Arf6,Bax,Phb2,Bcl10,Bcl2,Bcl2a1d,Blk,Bmx,Btk,Btn1a1,Serping1,C1qa,C1qb,C1qbp,C1qc,C2,C3,C3ar1,C4b,C4bp,C5ar1,C6,C9,Cacnb3,Cacnb4,Casp1,Casp4,Casp6,Cav1,Cd14,Ctla4,Cd19,Ms4a1,Cd22,Cd28,Cd36,Cd38,Cd3e,Cd247,Cd59a,Cd79a,Cd81,Cd86,Cd8a,Cfh,Cfi,Chuk,Ccr7,Cr2,Bcar1,Crkl,Crp,Cr1l,Csk,Cyba,Cd55,Cd55b,Ddx3x,Eif2b4,Elf1,Esr1,F2rl1,Colec12,Fcer1g,Fcna,Fcnb,Flot1,Fosl1,Fosl2,Fpr2,Fpr-rs3,Fpr-rs4,Fpr1,Fpr3,Tlr3,Fyn,Xrcc6,Gata3,Gbp2b,Gbp2,Usp15,Gcsam,Gfi1,Lilrb4b,Lilrb4a,Cmklr1,Gpld1,Gpr33,Grb2,Cfb,Hc,Ptpn6,Hmgb1,Hras,Hspa8,Hspd1,Hsp90aa1,Irgm1,Ifi203,Ifi204,Ifng,Cd79b,Ighg2b,Ighg1,Ighm,,Igtp,Ikbkg,Il1b,Irak1,Irf1,Irf2,Irf4,Acod1,Cd47,Itk,Kcnj8,Kcnn4,Klrc1,Klrc2,Klrd1,Krt1,Lamp2,Laptm5,Lat,Lbp,Lck,Lcp2,Lgals3,Lipa,Ltf,Blnk,Znrf1,Tlr7,Tlr8,Ly96,Lyn,Havcr2,Mapkapk2,Masp1,Masp2,Matr3,Mbl1,Mbl2,Cd46,Mef2c,Mog,Myd88,Nfatc2,Nfkb1,Nfkbia,Nfkbil1,Ninj1,Nr4a3,Nras,Pde4b,Pdpk1,Cfp,Phb,Pik3r1,Prkcb,Prkce,Prkch,Prkd1,Plcg1,Plscr2,Ppp2ca,Prkdc,Eif2ak2,Prnp,Psen1,Psen2,Pten,Btnl10,Hexim1,Ptpn2,Ptpn22,Ptprc,Ripk2,Ptprj,Ptprs,Nectin2,Nlrp1a,Skint3,Reg3g,Rela,Trim30a,Nr1h4,Khdrbs1,Foxp3,Sh2d1a,Sin3a,Clpb,Sos1,Src,Znrf4,Cblb,Stk11,Eif2b1,Trim30d,Syk,Themis,Brcc3,Lacc1,Tifa,Tarbp2,Cfhr4,Cgas,,Appl2,Nlrp3,Tec,Arrb2,Dhx33,Trim25,Nr1d1,Cd300a,Nploc4,Eif2b2,Thy1,Tlr1,Tlr4,Tlr6,Tnf,Tnfaip3,Cd40,Traf3,Traf6,Plscr1,Trex1,Txk,Tyro3,Tyrobp,Usp12,Ufd1,Nr1h3,Usp9x,Ezr,Lrrc14,Gramd4,Eif2b5,Bag6,Trim31,Treml4,Plcl2,Pja2,Ticam2,Cd226,Tkfc,Xrcc5,Zap70,Rab7b,Rab29,Ifi207,Ifi205,Slc39a10,Zp3r,Zdhhc5,Mavs,Bpifb1,Gbp5,Gbp7,Rigi,Shb,C8a,Skint10,Skint6,Skint11,Zc3h12a,Themis2,Tnip2,Oasl1,Oas1e,Lrch4,Wnk1,A2m,C1rl,Mark4,Ffar2,Ddx60,Carmil2,Plcg2,Ifi209,Btnl9,Sarm1,Igha,Btn2a2,Fyb,Pde4d,Tlr11,Sh2b2,Colec10,Oas1g,Oas1b,Klhl6,Malt1,Peli3,Lax1,Tlr2,Rbck1,Vtcn1,Fyb2,Skint5,Gpatch3,Oas1f,Klre1,Nfkbid,Trim30b,Nlrp10,Myo1g,Oas3,Oas1h,Oas1a,Cd300lf,Nod2,Map3k7,Mapk1,Mapk8,Rnf31,Nlrc3,Nlrc4,Ecsit,Klrk1,Nlrx1,Ermap,Rps3,Naglu,Vsig4,Tlr13,Tomm70a,Slc46a2,C1s2,Trim12c,C5ar2,Rc3h2,Ptgs2os,Klri2,Skint4,Fpr-rs6,Fpr-rs7,Scimp,Skint7,Ubash3a,Dennd1b,Fcrl5,Skint9,Skint2,Cd59b,Brcc3dc,Pram1,Ighe,,,Ighg3,Rc3h1,Ifi211,Cd300ld3,Aim2,Tlr12,Ighg2c,Tnip3,Otulin,Trim30c,Klri1,Cfhr1,Icosl,C1s1,C1ra,Mfhas1,Nono,Tlr5,Irf7,Irf3,Cd160,Irgm2,Unc93b1,Mefv,Cfhr2,Ifi214,Pqbp1,Btnl2,Gbp3,Trim3,Ubqln1,Nagk,Gps2,Tbk1,Tspan6,Clec4e,Clec4n,Clec7a,Rabgef1,Lat2,Stap1,Vav3,Slc15a2,Tnip1,Klrc3,Rsad2,Zbp1,Erbin,Nek7,Ifi213,Btnl6,C4a,Gm12250,Btnl4,Trav7-2,Nlrp1b,Skint8,Skint1,Sirt2,Nmi,Svep1,Slc15a3,S100a14,Rgcc,Zdhhc12,Tmem126a,Stoml2,Pspc1,Nepn,C1rb,Ncr3-ps,Trim5,Pycard,Tril,Riok3,Lsm14a,Peli1,Inava,Tespa1,Rnf125,Stmp1,Zcchc3,Hcfc2,Nop53,Cmtm3,Rtn4,Trim15,Wdfy1,C8g,Dab2ip,Usp46,Ifi35,Cactin,Ipo5,Lrrfip2,Tasl,Alpk1,Sfpq,Ifih1,Colec11,Rnf135,Fbxl2,Dusp3,Sting1,Lime1,Appl1,Atat1,Irak3,Otud4,Fcho1,Nfam1,Sec14l1,Cyld,Themis3,Sppl3,Rab11fip2,Usp50,Phpt1,Rftn1,Trim12a,Trat1,Sla2,Gpr108,Skap1,Zc3hav1,Cptp,Nfkbiz,Dhx58,Pum1,Pum2,Ankrd17,Tlr9,Trem2,Pik3ap1,Clec2i,Csnk1a1,Ube2n,Trim11,Tnfrsf21,Susd4,Znfx1
FOUNDER_NAMES	
STANDARD_NAME	GOBP_ACTIVATION_OF_INNATE_IMMUNE_RESPONSE
SYSTEMATIC_NAME	MM4196
COLLECTION	M5:GO:BP
MSIGDB_URL	https://www.gsea-msigdb.org/gsea/msigdb/mouse/geneset/GOBP_ACTIVATION_OF_INNATE_IMMUNE_RESPONSE
NAMESPACE	Mouse_NCBI_Gene_ID
DESCRIPTION_BRIEF	Any process that initiates an innate immune response. Innate immune responses are defense responses mediated by germline encoded components that directly recognize components of potential pathogens. Examples of this process include activation of the hypersensitive response of Arabidopsis thaliana and activation of any NOD or TLR signaling pathway in vertebrate species. [GO_REF:0000022, GOC:add, GOC:mtg_sensu, ISBN:0781735149, PMID:15199967, PMID:16177805]
DESCRIPTION_FULL	
PMID	
GEOID	
AUTHORS	
CONTRIBUTOR	Gene Ontology
CONTRIBUTOR_ORG	Gene Ontology Consortium
EXACT_SOURCE	GO:0002218
FILTERED_BY_SIMILARITY	
EXTERNAL_NAMES_FOR_SIMILAR_TERMS	
EXTERNAL_DETAILS_URL	http://amigo.geneontology.org/amigo/term/GO:0002218
SOURCE_MEMBERS	100033459,100040462,100061,100340,100502841,100535,100561,101613,102626,102639543,106759,107515,107607,108960,110651,110957,114643,117149,11774,11820,11845,12034,12042,12229,12261,12362,12363,12368,12389,12475,12491,12524,12675,13057,13205,13982,14063,140792,14251,14283,142980,14375,14468,14469,14479,14581,15289,15481,15510,15519,15944,15950,15951,16145,16179,16362,16363,16364,16365,16523,16641,16642,16643,16784,16803,17002,170737,170743,170744,17087,17096,171285,17164,17184,17195,17874,18035,18038,18081,18607,18673,18708,18754,18760,19052,19090,19106,192231,19260,192656,19280,195046,19695,19697,20128,20186,20466,20480,20779,20834,209387,20963,210766,210808,211550,21357,214763,216190,216799,216869,216877,217069,217166,217303,217365,21897,21898,21899,21926,21929,21939,22031,22034,22174,22177,22230,22259,223664,223752,224762,224840,224938,225471,225913,22596,226421,226691,226695,228136,228607,228801,229898,229900,230073,231130,231655,231699,231798,232944,233079,234311,234779,236312,237868,239081,23960,23961,240518,24088,242691,243262,243655,244183,244202,246727,246729,246730,246746,257632,26409,26419,268857,268973,26940,27007,270151,27419,279572,28185,30936,319236,320019,320407,327957,368203,381308,382551,383619,384059,414084,432940,434219,503550,52065,53610,53791,54123,54131,54396,54445,54483,545384,54633,55932,55992,56085,56174,56310,56480,56496,56619,56620,56644,57738,57783,58179,58185,58203,59079,59125,623121,631323,637515,64383,64685,65221,66166,66220,66271,66645,66650,667823,66824,66873,66878,67070,67245,67313,67664,67705,67917,67933,68077,68585,69097,69368,69601,70110,70312,70572,71268,71398,71481,71514,71586,71956,72179,72512,72993,73242,73914,73945,74136,74998,75083,76438,76681,78308,78781,79554,80859,80861,80912,80913,81702,81897,83433,83490,93687,94091,98999
GENE_SYMBOLS	Ifi208,Mndal,Lrrc19,Smpdl3b,Epg5,Oas1d,Slc15a4,Nlrp6,Mapkapk3,Ifi206,Ticam1,Lgr4,Nod1,Irak2,Rps6ka3,D1Pas1,Oas1c,Tirap,Ap3b1,App,Arf6,Phb2,Bcl10,Btk,C1qbp,Casp1,Casp4,Casp6,Cav1,Cd14,Cd36,Cd86,Chuk,Cyba,Ddx3x,Esr1,F2rl1,Colec12,Flot1,Fosl1,Tlr3,Xrcc6,Gbp2b,Gbp2,Usp15,Gfi1,Hmgb1,Hspa8,Hspd1,Hsp90aa1,Irgm1,Ifi203,Ifi204,Igtp,Irak1,Irf1,Irf2,Irf4,Acod1,Kcnj8,Klrc1,Klrc2,Klrd1,Lamp2,Lbp,Ltf,Znrf1,Tlr7,Tlr8,Ly96,Lyn,Havcr2,Mapkapk2,Matr3,Mbl2,Myd88,Nfkbia,Nfkbil1,Ninj1,Pdpk1,Phb,Pik3r1,Prkce,Prkd1,Ppp2ca,Prkdc,Eif2ak2,Hexim1,Ptpn22,Ripk2,Ptprs,Nlrp1a,Reg3g,Rela,Trim30a,Nr1h4,Sin3a,Clpb,Src,Znrf4,Trim30d,Syk,Brcc3,Lacc1,Tifa,Tarbp2,Cgas,Appl2,Nlrp3,Arrb2,Dhx33,Trim25,Nr1d1,Cd300a,Nploc4,Tlr1,Tlr4,Tlr6,Tnf,Tnfaip3,Cd40,Traf3,Traf6,Tyro3,Tyrobp,Ufd1,Nr1h3,Lrrc14,Gramd4,Trim31,Treml4,Pja2,Ticam2,Tkfc,Xrcc5,Rab7b,Ifi207,Ifi205,Zdhhc5,Mavs,Bpifb1,Gbp5,Gbp7,Rigi,Tnip2,Oasl1,Oas1e,Lrch4,Mark4,Ffar2,Ddx60,Plcg2,Ifi209,Sarm1,Tlr11,Oas1g,Oas1b,Peli3,Tlr2,Gpatch3,Oas1f,Klre1,Trim30b,Nlrp10,Oas3,Oas1h,Oas1a,Cd300lf,Nod2,Map3k7,Mapk8,Nlrc3,Nlrc4,Ecsit,Klrk1,Nlrx1,Naglu,Tlr13,Tomm70a,Slc46a2,Trim12c,Ptgs2os,Klri2,Scimp,Brcc3dc,Ifi211,Cd300ld3,Aim2,Tlr12,Tnip3,Otulin,Trim30c,Klri1,Mfhas1,Nono,Tlr5,Irf7,Irf3,Irgm2,Unc93b1,Mefv,Ifi214,Pqbp1,Gbp3,Trim3,Ubqln1,Nagk,Gps2,Tbk1,Tspan6,Clec4e,Clec4n,Clec7a,Slc15a2,Tnip1,Klrc3,Rsad2,Zbp1,Erbin,Nek7,Ifi213,Gm12250,Nlrp1b,Sirt2,Nmi,Slc15a3,S100a14,Zdhhc12,Tmem126a,Pspc1,Nepn,Trim5,Pycard,Tril,Riok3,Lsm14a,Peli1,Inava,Rnf125,Stmp1,Zcchc3,Hcfc2,Nop53,Rtn4,Trim15,Wdfy1,Dab2ip,Ifi35,Cactin,Ipo5,Lrrfip2,Tasl,Alpk1,Sfpq,Ifih1,Rnf135,Fbxl2,Sting1,Appl1,Atat1,Irak3,Otud4,Sec14l1,Rab11fip2,Usp50,Rftn1,Trim12a,Gpr108,Zc3hav1,Cptp,Nfkbiz,Dhx58,Pum1,Pum2,Ankrd17,Tlr9,Trem2,Pik3ap1,Csnk1a1,Trim11,Znfx1
FOUNDER_NAMES	
STANDARD_NAME	GOBP_NATURAL_KILLER_CELL_ACTIVATION_INVOLVED_IN_IMMUNE_RESPONSE
SYSTEMATIC_NAME	MM4237
COLLECTION	M5:GO:BP
MSIGDB_URL	https://www.gsea-msigdb.org/gsea/msigdb/mouse/geneset/GOBP_NATURAL_KILLER_CELL_ACTIVATION_INVOLVED_IN_IMMUNE_RESPONSE
NAMESPACE	Mouse_NCBI_Gene_ID
DESCRIPTION_BRIEF	The change in morphology and behavior of a natural killer cell resulting from exposure a cytokine, chemokine, cellular ligand, or soluble factor, leading to the initiation or perpetuation of an immune response. [GOC:add, PMID:15032583]
DESCRIPTION_FULL	
PMID	
GEOID	
AUTHORS	
CONTRIBUTOR	Gene Ontology
CONTRIBUTOR_ORG	Gene Ontology Consortium
EXACT_SOURCE	GO:0002323
FILTERED_BY_SIMILARITY	
EXTERNAL_NAMES_FOR_SIMILAR_TERMS	
EXTERNAL_DETAILS_URL	http://amigo.geneontology.org/amigo/term/GO:0002323
SOURCE_MEMBERS	100503878,11765,11891,12721,15962,15964,15965,15967,15968,15969,15970,15972,15974,15977,16160,16783,16859,18106,20955,21946,230396,230398,230405,242100,242517,242519,246256,319146,384997,387510,404549,435791,54215,545645,545648,545649,545650,545652,57757,70450,72310,74732
GENE_SYMBOLS	Zfp683,Ap1g1,Rab27a,Coro1a,Ifna1,Ifna11,Ifna2,Ifna4,Ifna5,Ifna6,Ifna7,Ifna9,Ifnab,Ifnb1,Il12b,Lamp1,Lgals9,Cd244a,,Pglyrp1,Ifna13,Ifna16,Ifne,Pglyrp3,Ifna15,Ifna12,Fcgr4,Ifnz,Pglyrp4,Ifnk,Ifna14,Gm13271,Cd160,Gm13283,Gm13272,Gm13276,Gm13277,Gm13275,Pglyrp2,Unc13d,Nkg7,Stx11
FOUNDER_NAMES	
STANDARD_NAME	GOBP_MYELOID_CELL_ACTIVATION_INVOLVED_IN_IMMUNE_RESPONSE
SYSTEMATIC_NAME	MM4219
COLLECTION	M5:GO:BP
MSIGDB_URL	https://www.gsea-msigdb.org/gsea/msigdb/mouse/geneset/GOBP_MYELOID_CELL_ACTIVATION_INVOLVED_IN_IMMUNE_RESPONSE
NAMESPACE	Mouse_NCBI_Gene_ID
DESCRIPTION_BRIEF	A change in the morphology or behavior of a myeloid cell resulting from exposure to an activating factor such as a cellular or soluble ligand, leading to the initiation or perpetuation of an immune response. [GOC:add, ISBN:0781735149]
DESCRIPTION_FULL	
PMID	
GEOID	
AUTHORS	
CONTRIBUTOR	Gene Ontology
CONTRIBUTOR_ORG	Gene Ontology Consortium
EXACT_SOURCE	GO:0002275
FILTERED_BY_SIMILARITY	
EXTERNAL_NAMES_FOR_SIMILAR_TERMS	
EXTERNAL_DETAILS_URL	http://amigo.geneontology.org/amigo/term/GO:0002275
SOURCE_MEMBERS	100534273,106759,109934,110279,11541,11542,11745,12229,12523,12652,12772,12890,12921,13419,13421,14063,14125,14126,14127,14158,14159,14191,14389,14460,14461,14728,14824,15170,15227,15289,15368,15977,15978,16020,16163,16165,16189,16190,16409,16414,16415,16590,16797,16803,17096,171285,17874,17916,18124,18159,18607,18711,18754,18806,19204,19214,19215,19354,19419,20277,20375,20619,20909,20910,20911,20955,209558,20963,210155,214084,216161,217303,21926,22040,22177,22318,22320,225642,22631,230899,232972,233222,233230,233231,234779,237625,24046,243978,243979,26903,27218,27278,28040,378460,380732,380792,404235,404236,404238,404239,404240,442827,56632,56715,56743,64685,66824,68891,69150,70045,70110,70450,74732,77125,83433,84095,84112,85305,93670,94176
GENE_SYMBOLS	Fer1l5,Ticam1,Abr,Bcr,Adora2b,Adora3,Anxa3,Btk,Cd84,Chga,Ccr2,Cplx2,Crhr1,Dnase1,Dnase1l3,F2rl1,Fcer1a,Ms4a2,Fcer1g,Fer,Fes,Fgr,Gab2,Gata1,Gata2,Lilrb4a,Grn,Ptpn6,Foxf1,Hmgb1,Hmox1,Ifnb1,Ifng,,Il13,Il13ra2,Il4,Il4ra,Itgam,Itgb2,Itgb2l,Kit,Lat,Lbp,Lyn,Havcr2,Myd88,Myo1f,Nr4a3,Nppc,Pdpk1,Pikfyve,Prkce,Pld2,Ptafr,Ptgdr,Ptgds,Rac2,Rasgrp1,Scnn1b,Spi1,Snap23,Stx4a,Stxbp1,Stxbp2,,Enpp3,Syk,Lypd11,Slc18a2,Sbno2,Cd300a,Tnf,Trex1,Tyrobp,Vamp2,Vamp8,Grp,Ywhaz,Nppa,Lypd10,Mrgpra3,Mrgprb4,Mrgprb1,Plcg2,Pla2g3,Scn11a,Mrgprx2,Mrgprb2,Dysf,Slamf1,Clnk,D6Wsu163e,Pram1,Milr1,Ighe,,,Mrgprb3,Mrgprb5,Mrgprb8,Rab44,Sphk2,Rabgef1,Lat2,Nmi,Pycard,Cd177,Snx4,Gpr15lg,Ifi35,Unc13d,Stx11,Il33,Trem2,Pi4k2a,Sucnr1,Kars,Tac4,Dock2
FOUNDER_NAMES	
STANDARD_NAME	GOBP_MAST_CELL_ACTIVATION_INVOLVED_IN_IMMUNE_RESPONSE
SYSTEMATIC_NAME	MM4220
COLLECTION	M5:GO:BP
MSIGDB_URL	https://www.gsea-msigdb.org/gsea/msigdb/mouse/geneset/GOBP_MAST_CELL_ACTIVATION_INVOLVED_IN_IMMUNE_RESPONSE
NAMESPACE	Mouse_NCBI_Gene_ID
DESCRIPTION_BRIEF	The change in morphology and behavior of a mast cell resulting from exposure to a cytokine, chemokine, soluble factor, or to (at least in mammals) an antigen which the mast cell has specifically bound via IgE bound to Fc-epsilonRI receptors, leading to the initiation or perpetuation of an immune response. [GOC:add, ISBN:0781735149]
DESCRIPTION_FULL	
PMID	
GEOID	
AUTHORS	
CONTRIBUTOR	Gene Ontology
CONTRIBUTOR_ORG	Gene Ontology Consortium
EXACT_SOURCE	GO:0002279
FILTERED_BY_SIMILARITY	GO:0002448,GO:0043303
EXTERNAL_NAMES_FOR_SIMILAR_TERMS	mast cell mediated immunity|mast cell degranulation
EXTERNAL_DETAILS_URL	http://amigo.geneontology.org/amigo/term/GO:0002279
SOURCE_MEMBERS	11541,11542,12229,12523,12652,12890,12921,14125,14126,14127,14158,14159,14191,14389,14460,14461,14728,15170,15227,15368,16020,16163,16165,16189,16190,16590,16797,17096,18124,18159,18607,18806,19214,19215,19354,19419,20619,20910,20911,20955,209558,20963,214084,217303,22320,225642,22631,230899,233222,233230,233231,237625,24046,243978,243979,27278,28040,380732,380792,404235,404236,404238,404239,404240,442827,56632,56715,56743,69150,70045,70450,93670
GENE_SYMBOLS	Adora2b,Adora3,Btk,Cd84,Chga,Cplx2,Crhr1,Fcer1a,Ms4a2,Fcer1g,Fer,Fes,Fgr,Gab2,Gata1,Gata2,Lilrb4a,Ptpn6,Foxf1,Hmox1,,Il13,Il13ra2,Il4,Il4ra,Kit,Lat,Lyn,Nr4a3,Nppc,Pdpk1,Pld2,Ptgdr,Ptgds,Rac2,Rasgrp1,Snap23,Stxbp1,Stxbp2,,Enpp3,Syk,Slc18a2,Cd300a,Vamp8,Grp,Ywhaz,Nppa,Mrgpra3,Mrgprb4,Mrgprb1,Pla2g3,Scn11a,Mrgprx2,Mrgprb2,Clnk,D6Wsu163e,Milr1,Ighe,,,Mrgprb3,Mrgprb5,Mrgprb8,Rab44,Sphk2,Rabgef1,Lat2,Snx4,Gpr15lg,Unc13d,Tac4
FOUNDER_NAMES	
STANDARD_NAME	GOBP_MACROPHAGE_ACTIVATION_INVOLVED_IN_IMMUNE_RESPONSE
SYSTEMATIC_NAME	MM4221
COLLECTION	M5:GO:BP
MSIGDB_URL	https://www.gsea-msigdb.org/gsea/msigdb/mouse/geneset/GOBP_MACROPHAGE_ACTIVATION_INVOLVED_IN_IMMUNE_RESPONSE
NAMESPACE	Mouse_NCBI_Gene_ID
DESCRIPTION_BRIEF	A change in morphology and behavior of a macrophage resulting from exposure to a cytokine, chemokine, cellular ligand, or soluble factor, leading to the initiation or perpetuation of an immune response. [GOC:add, ISBN:0781735149]
DESCRIPTION_FULL	
PMID	
GEOID	
AUTHORS	
CONTRIBUTOR	Gene Ontology
CONTRIBUTOR_ORG	Gene Ontology Consortium
EXACT_SOURCE	GO:0002281
FILTERED_BY_SIMILARITY	
EXTERNAL_NAMES_FOR_SIMILAR_TERMS	
EXTERNAL_DETAILS_URL	http://amigo.geneontology.org/amigo/term/GO:0002281
SOURCE_MEMBERS	100534273,106759,14824,15289,15977,15978,16803,171285,18754,20963,216161,21926,22040,22177,234779,26903,64685,70110,77125,83433,84112
GENE_SYMBOLS	Fer1l5,Ticam1,Grn,Hmgb1,Ifnb1,Ifng,Lbp,Havcr2,Prkce,Syk,Sbno2,Tnf,Trex1,Tyrobp,Plcg2,Dysf,Nmi,Ifi35,Il33,Trem2,Sucnr1
FOUNDER_NAMES	
STANDARD_NAME	GOBP_LYMPHOCYTE_ACTIVATION_INVOLVED_IN_IMMUNE_RESPONSE
SYSTEMATIC_NAME	MM4223
COLLECTION	M5:GO:BP
MSIGDB_URL	https://www.gsea-msigdb.org/gsea/msigdb/mouse/geneset/GOBP_LYMPHOCYTE_ACTIVATION_INVOLVED_IN_IMMUNE_RESPONSE
NAMESPACE	Mouse_NCBI_Gene_ID
DESCRIPTION_BRIEF	A change in morphology and behavior of a lymphocyte resulting from exposure to a specific antigen, mitogen, cytokine, chemokine, cellular ligand, or soluble factor, leading to the initiation or perpetuation of an immune response. [GOC:add, ISBN:0781735149]
DESCRIPTION_FULL	
PMID	
GEOID	
AUTHORS	
CONTRIBUTOR	Gene Ontology
CONTRIBUTOR_ORG	Gene Ontology Consortium
EXACT_SOURCE	GO:0002285
FILTERED_BY_SIMILARITY	
EXTERNAL_NAMES_FOR_SIMILAR_TERMS	
EXTERNAL_DETAILS_URL	http://amigo.geneontology.org/amigo/term/GO:0002285
SOURCE_MEMBERS	100124457,100503878,100504404,100561,101142,103743,105855,107823,108138,108655,113002583,11350,11486,11628,11765,11891,11977,12051,12053,12458,12478,12487,12520,12557,12721,12772,12775,13388,13813,13870,14063,14127,14190,14462,14728,14991,14999,15000,15284,15289,15510,15894,15900,15962,15964,15965,15967,15968,15969,15970,15972,15974,15977,15978,16149,16153,16160,16173,16182,16183,16189,16190,16193,16194,16362,16364,16408,16431,16453,16783,16842,16848,16852,16854,16859,16950,16952,17079,17085,171285,17131,17173,17221,17242,17283,17305,17350,17474,17685,17688,17863,18089,18106,18129,18173,18534,18605,18762,18826,18861,18985,19164,19165,19219,19229,19264,192656,19374,19401,19698,19883,19885,20104,20297,20351,20371,20375,20442,20556,20737,20848,20849,20852,20926,20947,20955,210293,214162,216799,21803,21898,21929,21939,21946,21947,22042,22059,22164,22256,22433,224860,225160,225888,22694,22724,230126,230396,230398,230405,230738,232210,232811,234779,235587,237877,23882,238875,240354,24047,240873,242100,242517,242519,243910,246256,246779,26909,27103,27223,27354,30925,319146,319583,319817,321019,381305,381812,384997,387510,404549,435791,50723,50931,51869,53314,54215,54519,545645,545648,545649,545650,545652,54644,55982,56048,56468,56619,56708,56717,57757,57765,58230,60505,64930,65113,66362,67278,69583,70238,70450,71675,71890,72103,72310,723834,723840,723890,723903,72544,73747,74732,75698,75725,75974,77727,80859,83430,93685
GENE_SYMBOLS	Mir873a,Zfp683,H2-Ea,Slc15a4,Itfg2,Tmem98,Nckap1l,Nsd2,Xrcc4,Foxp1,Shld3,Abl1,Ada,Aicda,Ap1g1,Rab27a,Atp7a,Bcl3,Bcl6,Ccr6,Cd19,Cd28,Cd81,Cdh17,Coro1a,Ccr2,Ccr7,Dll1,Eomes,Ercc1,F2rl1,Fcer1g,Fgl2,Gata3,Lilrb4a,H2-M3,H2-DMb1,H2-DMb2,Hlx,Hmgb1,Hspd1,Icam1,Irf8,Ifna1,Ifna11,Ifna2,Ifna4,Ifna5,Ifna6,Ifna7,Ifna9,Ifnab,Ifnb1,Ifng,Cd74,Il10,Il12b,Il18,Il18r1,Il2,Il4,Il4ra,Il6,Il6ra,Irf1,Irf4,Itgal,Itm2a,Jak3,Lamp1,Lef1,Lfng,Lgals1,Lgals3,Lgals9,Loxl3,Anxa1,Cd180,Ly9,Havcr2,Smad7,Ascl2,Cd46,Mdk,Men1,Mfng,Mlh1,Clec4d,Msh2,Msh6,Myb,Nkx2-3,Cd244a,Notch2,Slc11a1,Pck1,Enpp1,Prkcz,Lcp1,Pms2,Pou2af1,Psen1,Psen2,Ptger4,Ptk2b,Ptprc,Ripk2,Rag2,Rara,Relb,Rora,Rorc,Rps6,Ccl20,Sema4a,Foxp3,Spi1,St3gal1,Slfn2,Spn,Stat3,Stat4,Stat6,Supt6,Swap70,,Dock10,Kmt2a,Nlrp3,Tgfb1,Tlr4,Tnfaip3,Cd40,Pglyrp1,Cd40lg,Tfrc,Trp53,Tnfsf4,Ung,Xbp1,Plcl2,Thoc1,Kmt5b,Zfp35,Zbtb7b,Shb,Ifna13,Ifna16,Ifne,Zc3h12a,Hmces,Kmt5c,Plcg2,Parp3,Atad5,Gadd45g,Gapt,Malt1,Ccl19,Tnfsf18,Pglyrp3,Ifna15,Ifna12,Nfkbid,Fcgr4,Il27,Exo1,Eif2ak4,Trp53bp1,Nbn,Slamf6,Ifnz,Lig4,Rc3h2,Gpr183,Rc3h1,Cracr2a,Pglyrp4,Ifnk,Ifna14,Gm13271,Icosl,Il27ra,Rif1,Batf,Cd160,Apbb1ip,Gm13283,Gm13272,Gm13276,Gm13277,Gm13275,Otud5,Paxip1,Lgals8,Socs5,Clec4e,Clcf1,Mtor,Pglyrp2,Tbx21,Rnf8,Il21,Tsc1,Ndfip1,Exosc3,Pagr1a,Tnfsf13,Rnf168,Unc13d,Sanbr,Mad2l2,Aplf,Nkg7,Mir301,Mir326,Mir181b-1,Mir181b-2,Exosc6,Shld1,Stx11,Shld2,Phf14,Dock11,6030468B19Rik,Nfkbiz,Il23a,Entpd7
FOUNDER_NAMES	
STANDARD_NAME	GOBP_INNATE_IMMUNE_RESPONSE_ACTIVATING_SIGNALING_PATHWAY
SYSTEMATIC_NAME	MM16108
COLLECTION	M5:GO:BP
MSIGDB_URL	https://www.gsea-msigdb.org/gsea/msigdb/mouse/geneset/GOBP_INNATE_IMMUNE_RESPONSE_ACTIVATING_SIGNALING_PATHWAY
NAMESPACE	Mouse_NCBI_Gene_ID
DESCRIPTION_BRIEF	The series of molecular signals generated by a ligand binding to its receptor that lead to the activation or perpetuation of an innate immune response. [GOC:jy, GOC:mah, PMID:11418339, PMID:28105028]
DESCRIPTION_FULL	
PMID	
GEOID	
AUTHORS	
CONTRIBUTOR	Gene Ontology
CONTRIBUTOR_ORG	Gene Ontology Consortium
EXACT_SOURCE	GO:0002758
FILTERED_BY_SIMILARITY	GO:0002221
EXTERNAL_NAMES_FOR_SIMILAR_TERMS	pattern recognition receptor signaling pathway
EXTERNAL_DETAILS_URL	http://amigo.geneontology.org/amigo/term/GO:0002758
SOURCE_MEMBERS	100061,100340,100502841,100535,100561,101613,102626,106759,107515,107607,108960,110651,110957,114643,117149,11774,11820,11845,12034,12042,12229,12261,12362,12363,12389,12475,12491,12524,12675,13057,13205,13982,14063,140792,14251,14283,142980,14469,14479,14581,15289,15481,15510,15944,16145,16179,16362,16363,16364,16365,16523,16641,16642,16643,16784,16803,17002,170737,170743,170744,17087,17096,171285,17164,17195,17874,18035,18038,18081,18607,18673,18708,18754,18760,19052,19106,19260,192656,19280,195046,19695,19697,20128,20186,20480,20779,20834,20963,210766,210808,211550,21357,214763,216190,216799,216869,216877,217069,217166,217303,217365,21897,21898,21899,21926,21929,21939,22031,22034,22174,22177,22230,22259,223664,223752,224762,224840,224938,225471,225913,226421,228136,228607,228801,229898,230073,231130,231655,231699,231798,232944,233079,234311,234779,237868,239081,23960,23961,240518,24088,242691,243262,243655,246727,246729,246730,246746,257632,26409,26419,268857,26940,27007,270151,27419,279572,30936,320019,320407,327957,368203,382551,383619,384059,414084,432940,503550,52065,53791,54123,54131,54396,54445,54483,55992,56085,56174,56310,56480,56496,56619,56620,56644,57738,57783,58179,58185,59079,59125,631323,637515,64383,64685,65221,66166,66220,66271,66650,66824,66873,66878,67070,67245,67313,67664,67705,67917,67933,68077,68585,69097,69368,69601,70110,70312,70572,71268,71398,71481,71586,71956,72179,72512,72993,73242,73914,73945,74136,74998,75083,76438,78308,78781,79554,80859,80861,80912,80913,81702,81897,83433,83490,93687,94091
GENE_SYMBOLS	Lrrc19,Smpdl3b,Epg5,Oas1d,Slc15a4,Nlrp6,Mapkapk3,Ticam1,Lgr4,Nod1,Irak2,Rps6ka3,D1Pas1,Oas1c,Tirap,Ap3b1,App,Arf6,Phb2,Bcl10,Btk,C1qbp,Casp1,Casp4,Cav1,Cd14,Cd36,Cd86,Chuk,Cyba,Ddx3x,Esr1,F2rl1,Colec12,Flot1,Fosl1,Tlr3,Gbp2,Usp15,Gfi1,Hmgb1,Hspa8,Hspd1,Irgm1,Igtp,Irak1,Irf1,Irf2,Irf4,Acod1,Kcnj8,Klrc1,Klrc2,Klrd1,Lamp2,Lbp,Ltf,Znrf1,Tlr7,Tlr8,Ly96,Lyn,Havcr2,Mapkapk2,Mbl2,Myd88,Nfkbia,Nfkbil1,Ninj1,Pdpk1,Phb,Pik3r1,Prkce,Prkd1,Ppp2ca,Eif2ak2,Ptpn22,Ripk2,Ptprs,Nlrp1a,Reg3g,Rela,Trim30a,Nr1h4,Clpb,Src,Znrf4,Syk,Brcc3,Lacc1,Tifa,Tarbp2,Cgas,Appl2,Nlrp3,Arrb2,Dhx33,Trim25,Nr1d1,Cd300a,Nploc4,Tlr1,Tlr4,Tlr6,Tnf,Tnfaip3,Cd40,Traf3,Traf6,Tyro3,Tyrobp,Ufd1,Nr1h3,Lrrc14,Gramd4,Trim31,Treml4,Pja2,Ticam2,Tkfc,Rab7b,Zdhhc5,Mavs,Bpifb1,Gbp5,Rigi,Tnip2,Oasl1,Oas1e,Lrch4,Mark4,Ffar2,Ddx60,Plcg2,Sarm1,Tlr11,Oas1g,Oas1b,Peli3,Tlr2,Gpatch3,Oas1f,Klre1,Oas3,Oas1h,Oas1a,Cd300lf,Nod2,Map3k7,Mapk8,Nlrc3,Ecsit,Klrk1,Nlrx1,Naglu,Tlr13,Slc46a2,Ptgs2os,Klri2,Scimp,Brcc3dc,Cd300ld3,Aim2,Tlr12,Tnip3,Otulin,Klri1,Mfhas1,Tlr5,Irf7,Irf3,Irgm2,Unc93b1,Mefv,Trim3,Ubqln1,Nagk,Gps2,Tbk1,Tspan6,Clec4e,Clec4n,Clec7a,Slc15a2,Tnip1,Klrc3,Rsad2,Erbin,Nek7,Gm12250,Nlrp1b,Sirt2,Nmi,Slc15a3,S100a14,Zdhhc12,Tmem126a,Nepn,Pycard,Tril,Riok3,Lsm14a,Peli1,Inava,Rnf125,Stmp1,Zcchc3,Hcfc2,Nop53,Rtn4,Trim15,Wdfy1,Dab2ip,Ifi35,Cactin,Ipo5,Lrrfip2,Tasl,Alpk1,Ifih1,Rnf135,Fbxl2,Sting1,Appl1,Atat1,Irak3,Otud4,Sec14l1,Rab11fip2,Usp50,Rftn1,Gpr108,Zc3hav1,Cptp,Nfkbiz,Dhx58,Pum1,Pum2,Ankrd17,Tlr9,Trem2,Pik3ap1,Csnk1a1,Trim11
FOUNDER_NAMES	
STANDARD_NAME	GOBP_INNATE_IMMUNE_RESPONSE_ACTIVATING_CELL_SURFACE_RECEPTOR_SIGNALING_PATHWAY
SYSTEMATIC_NAME	MM16104
COLLECTION	M5:GO:BP
MSIGDB_URL	https://www.gsea-msigdb.org/gsea/msigdb/mouse/geneset/GOBP_INNATE_IMMUNE_RESPONSE_ACTIVATING_CELL_SURFACE_RECEPTOR_SIGNALING_PATHWAY
NAMESPACE	Mouse_NCBI_Gene_ID
DESCRIPTION_BRIEF	The series of molecular signals initiated by a ligand binding to a cell surface receptor that leads to the activation of an innate immune response. [GOC:add, ISBN:0781735149, PMID:15199967]
DESCRIPTION_FULL	
PMID	
GEOID	
AUTHORS	
CONTRIBUTOR	Gene Ontology
CONTRIBUTOR_ORG	Gene Ontology Consortium
EXACT_SOURCE	GO:0002220
FILTERED_BY_SIMILARITY	
EXTERNAL_NAMES_FOR_SIMILAR_TERMS	
EXTERNAL_DETAILS_URL	http://amigo.geneontology.org/amigo/term/GO:0002220
SOURCE_MEMBERS	100535,108960,114643,117149,11845,12475,12675,13057,14063,15289,16179,16365,16641,16642,16643,16803,17002,170737,17087,17096,17195,17874,18035,18081,18708,18754,19260,192656,19697,20963,216190,217166,21897,21898,21899,21929,22034,22177,22259,224938,225471,226421,228801,231130,231699,233079,234779,23960,23961,24088,243262,243655,246729,246730,257632,26409,26940,27007,27419,320407,327957,414084,503550,52065,53791,56620,56644,58179,64685,66166,66271,66650,66873,67245,69368,69601,70110,71268,72993,74998,83433,83490
GENE_SYMBOLS	Oas1d,Irak2,Oas1c,Tirap,Arf6,Cd14,Chuk,Cyba,F2rl1,Hmgb1,Irak1,Acod1,Klrc1,Klrc2,Klrd1,Lbp,Ltf,Znrf1,Ly96,Lyn,Mbl2,Myd88,Nfkbia,Ninj1,Pik3r1,Prkce,Ptpn22,Ripk2,Rela,Syk,Appl2,Nr1d1,Tlr1,Tlr4,Tlr6,Tnfaip3,Traf6,Tyrobp,Nr1h3,Pja2,Ticam2,Rab7b,Bpifb1,Tnip2,Oas1e,Ffar2,Plcg2,Oas1g,Oas1b,Tlr2,Oas1f,Klre1,Oas1h,Oas1a,Nod2,Map3k7,Ecsit,Klrk1,Naglu,Klri2,Scimp,Tnip3,Klri1,Mfhas1,Tlr5,Clec4n,Clec7a,Klrc3,Nmi,S100a14,Tmem126a,Nepn,Tril,Peli1,Wdfy1,Dab2ip,Ifi35,Lrrfip2,Appl1,Rab11fip2,Trem2,Pik3ap1
FOUNDER_NAMES	
STANDARD_NAME	GOBP_CELL_ACTIVATION_INVOLVED_IN_IMMUNE_RESPONSE
SYSTEMATIC_NAME	MM4215
COLLECTION	M5:GO:BP
MSIGDB_URL	https://www.gsea-msigdb.org/gsea/msigdb/mouse/geneset/GOBP_CELL_ACTIVATION_INVOLVED_IN_IMMUNE_RESPONSE
NAMESPACE	Mouse_NCBI_Gene_ID
DESCRIPTION_BRIEF	A change in the morphology or behavior of a cell resulting from exposure to an activating factor such as a cellular or soluble ligand, leading to the initiation or perpetuation of an immune response. [GO_REF:0000022, GOC:add, ISBN:0781735149]
DESCRIPTION_FULL	
PMID	
GEOID	
AUTHORS	
CONTRIBUTOR	Gene Ontology
CONTRIBUTOR_ORG	Gene Ontology Consortium
EXACT_SOURCE	GO:0002263
FILTERED_BY_SIMILARITY	GO:0002366
EXTERNAL_NAMES_FOR_SIMILAR_TERMS	leukocyte activation involved in immune response
EXTERNAL_DETAILS_URL	http://amigo.geneontology.org/amigo/term/GO:0002263
SOURCE_MEMBERS	100124457,100503878,100504404,100534273,100561,101142,103743,105855,106759,107338,107823,108138,108655,109934,110279,113002583,11350,11486,11541,11542,11628,11745,11765,11820,11891,11977,12051,12053,12229,12458,12478,12487,12520,12523,12557,12652,12721,12772,12775,12890,12921,13388,13419,13421,13813,13870,14063,14125,14126,14127,14158,14159,14190,14191,14389,14460,14461,14462,14728,14824,14991,14999,15000,15170,15227,15284,15289,15368,15510,15894,15900,15962,15964,15965,15967,15968,15969,15970,15972,15974,15977,15978,16020,16149,16153,16160,16163,16165,16173,16182,16183,16189,16190,16193,16194,16362,16364,16408,16409,16414,16415,16431,16453,16590,16783,16797,16803,16842,16848,16852,16854,16859,16950,16952,16971,17079,17085,17096,171285,17131,17173,17221,17242,17283,17305,17350,17474,17685,17688,17863,17874,17916,18089,18106,18124,18129,18159,18173,18534,18605,18607,18711,18754,18762,18806,18826,18861,18985,19164,19165,19204,19214,19215,19219,19229,19264,192656,19354,19374,19401,19419,19698,19883,19885,20104,20277,20297,20351,20371,20375,20442,20556,20619,20737,20848,20849,20852,20909,20910,20911,20926,20947,20955,209558,20963,210155,210293,214084,214162,216161,216799,217303,21803,21898,21926,21929,21939,21946,21947,22040,22042,22059,22164,22177,22256,22318,22320,22433,224860,225160,225642,225888,22631,22694,22724,230126,230396,230398,230405,230738,230899,232210,232811,232972,233222,233230,233231,234779,235587,237625,237877,23882,238875,240354,24046,24047,240873,242100,242517,242519,243910,243978,243979,246256,246779,26903,26904,26909,27103,27218,27223,27278,27354,28040,30925,319146,319583,319817,321019,378460,380732,380792,381305,381812,384997,387510,404235,404236,404238,404239,404240,404549,435791,442827,50723,50931,51869,53314,54215,54519,545645,545648,545649,545650,545652,54644,55982,56048,56468,56619,56632,56644,56708,56715,56717,56743,57757,57765,58230,60505,64685,64930,65113,66362,66824,67278,68891,69068,69150,69583,70045,70110,70238,70450,71675,71890,72103,72310,723834,723840,723890,723903,72544,73747,74732,75698,75725,75974,77125,77727,80859,83430,83433,84095,84112,85305,93670,93685,94176
GENE_SYMBOLS	Mir873a,Zfp683,H2-Ea,Fer1l5,Slc15a4,Itfg2,Tmem98,Nckap1l,Ticam1,Gbf1,Nsd2,Xrcc4,Foxp1,Abr,Bcr,Shld3,Abl1,Ada,Adora2b,Adora3,Aicda,Anxa3,Ap1g1,App,Rab27a,Atp7a,Bcl3,Bcl6,Btk,Ccr6,Cd19,Cd28,Cd81,Cd84,Cdh17,Chga,Coro1a,Ccr2,Ccr7,Cplx2,Crhr1,Dll1,Dnase1,Dnase1l3,Eomes,Ercc1,F2rl1,Fcer1a,Ms4a2,Fcer1g,Fer,Fes,Fgl2,Fgr,Gab2,Gata1,Gata2,Gata3,Lilrb4a,Grn,H2-M3,H2-DMb1,H2-DMb2,Ptpn6,Foxf1,Hlx,Hmgb1,Hmox1,Hspd1,Icam1,Irf8,Ifna1,Ifna11,Ifna2,Ifna4,Ifna5,Ifna6,Ifna7,Ifna9,Ifnab,Ifnb1,Ifng,,Cd74,Il10,Il12b,Il13,Il13ra2,Il18,Il18r1,Il2,Il4,Il4ra,Il6,Il6ra,Irf1,Irf4,Itgal,Itgam,Itgb2,Itgb2l,Itm2a,Jak3,Kit,Lamp1,Lat,Lbp,Lef1,Lfng,Lgals1,Lgals3,Lgals9,Loxl3,Anxa1,Lrp1,Cd180,Ly9,Lyn,Havcr2,Smad7,Ascl2,Cd46,Mdk,Men1,Mfng,Mlh1,Clec4d,Msh2,Msh6,Myb,Myd88,Myo1f,Nkx2-3,Cd244a,Nr4a3,Notch2,Nppc,Slc11a1,Pck1,Enpp1,Pdpk1,Pikfyve,Prkce,Prkcz,Pld2,Lcp1,Pms2,Pou2af1,Psen1,Psen2,Ptafr,Ptgdr,Ptgds,Ptger4,Ptk2b,Ptprc,Ripk2,Rac2,Rag2,Rara,Rasgrp1,Relb,Rora,Rorc,Rps6,Scnn1b,Ccl20,Sema4a,Foxp3,Spi1,St3gal1,Slfn2,Snap23,Spn,Stat3,Stat4,Stat6,Stx4a,Stxbp1,Stxbp2,Supt6,Swap70,,Enpp3,Syk,Lypd11,Dock10,Slc18a2,Kmt2a,Sbno2,Nlrp3,Cd300a,Tgfb1,Tlr4,Tnf,Tnfaip3,Cd40,Pglyrp1,Cd40lg,Trex1,Tfrc,Trp53,Tnfsf4,Tyrobp,Ung,Vamp2,Vamp8,Xbp1,Plcl2,Thoc1,Grp,Kmt5b,Ywhaz,Zfp35,Zbtb7b,Shb,Ifna13,Ifna16,Ifne,Zc3h12a,Nppa,Hmces,Kmt5c,Lypd10,Mrgpra3,Mrgprb4,Mrgprb1,Plcg2,Parp3,Pla2g3,Atad5,Gadd45g,Gapt,Malt1,Scn11a,Ccl19,Tnfsf18,Pglyrp3,Ifna15,Ifna12,Nfkbid,Mrgprx2,Mrgprb2,Fcgr4,Il27,Dysf,Sh2d1b1,Exo1,Eif2ak4,Slamf1,Trp53bp1,Clnk,Nbn,D6Wsu163e,Slamf6,Ifnz,Lig4,Rc3h2,Gpr183,Pram1,Milr1,Ighe,Rc3h1,Cracr2a,Pglyrp4,Ifnk,,,Mrgprb3,Mrgprb5,Mrgprb8,Ifna14,Gm13271,Rab44,Icosl,Il27ra,Rif1,Batf,Cd160,Apbb1ip,Gm13283,Gm13272,Gm13276,Gm13277,Gm13275,Otud5,Paxip1,Lgals8,Socs5,Clec4e,Sphk2,Clec7a,Clcf1,Rabgef1,Mtor,Lat2,Pglyrp2,Tbx21,Rnf8,Il21,Nmi,Tsc1,Ndfip1,Exosc3,Pycard,Pagr1a,Cd177,Tcim,Snx4,Tnfsf13,Gpr15lg,Ifi35,Rnf168,Unc13d,Sanbr,Mad2l2,Aplf,Nkg7,Mir301,Mir326,Mir181b-1,Mir181b-2,Exosc6,Shld1,Stx11,Shld2,Phf14,Dock11,Il33,6030468B19Rik,Nfkbiz,Il23a,Trem2,Pi4k2a,Sucnr1,Kars,Tac4,Entpd7,Dock2
FOUNDER_NAMES	
STANDARD_NAME	GOBP_REGULATION_OF_T_CELL_ACTIVATION_VIA_T_CELL_RECEPTOR_CONTACT_WITH_ANTIGEN_BOUND_TO_MHC_MOLECULE_ON_ANTIGEN_PRESENTING_CELL
SYSTEMATIC_NAME	MM11649
COLLECTION	M5:GO:BP
MSIGDB_URL	https://www.gsea-msigdb.org/gsea/msigdb/mouse/geneset/GOBP_REGULATION_OF_T_CELL_ACTIVATION_VIA_T_CELL_RECEPTOR_CONTACT_WITH_ANTIGEN_BOUND_TO_MHC_MOLECULE_ON_ANTIGEN_PRESENTING_CELL
NAMESPACE	Mouse_NCBI_Gene_ID
DESCRIPTION_BRIEF	Any process that modulates the frequency, rate or extent of T cell activation via T cell receptor contact with antigen bound to MHC molecule on antigen presenting cell. [GOC:obol]
DESCRIPTION_FULL	
PMID	
GEOID	
AUTHORS	
CONTRIBUTOR	Gene Ontology
CONTRIBUTOR_ORG	Gene Ontology Consortium
EXACT_SOURCE	GO:2001188
FILTERED_BY_SIMILARITY	
EXTERNAL_NAMES_FOR_SIMILAR_TERMS	
EXTERNAL_DETAILS_URL	http://amigo.geneontology.org/amigo/term/GO:2001188
SOURCE_MEMBERS	12520,14999,15000,16854,171285
GENE_SYMBOLS	Cd81,H2-DMb1,H2-DMb2,Lgals3,Havcr2
FOUNDER_NAMES	
STANDARD_NAME	GOBP_T_CELL_ACTIVATION_INVOLVED_IN_IMMUNE_RESPONSE
SYSTEMATIC_NAME	MM4224
COLLECTION	M5:GO:BP
MSIGDB_URL	https://www.gsea-msigdb.org/gsea/msigdb/mouse/geneset/GOBP_T_CELL_ACTIVATION_INVOLVED_IN_IMMUNE_RESPONSE
NAMESPACE	Mouse_NCBI_Gene_ID
DESCRIPTION_BRIEF	The change in morphology and behavior of a mature or immature T cell resulting from exposure to a mitogen, cytokine, chemokine, cellular ligand, or an antigen for which it is specific, leading to the initiation or perpetuation of an immune response. [GOC:add, ISBN:0781735149]
DESCRIPTION_FULL	
PMID	
GEOID	
AUTHORS	
CONTRIBUTOR	Gene Ontology
CONTRIBUTOR_ORG	Gene Ontology Consortium
EXACT_SOURCE	GO:0002286
FILTERED_BY_SIMILARITY	
EXTERNAL_NAMES_FOR_SIMILAR_TERMS	
EXTERNAL_DETAILS_URL	http://amigo.geneontology.org/amigo/term/GO:0002286
SOURCE_MEMBERS	100124457,100504404,103743,105855,108655,11891,11977,12051,12053,12458,12520,12772,12775,13813,14063,14127,14190,14462,14991,14999,15000,15284,15289,15894,15962,15964,15965,15967,15968,15969,15970,15972,15974,15977,15978,16149,16160,16173,16182,16183,16189,16190,16193,16194,16362,16364,16408,16453,16842,16854,16950,16952,17085,171285,17131,17173,17221,17242,17283,17474,17863,18173,18534,18762,18826,19164,19165,19219,192656,19401,19698,19883,19885,20104,20297,20351,20371,20556,20737,20848,20849,20852,214162,216799,21803,22059,22164,22694,22724,230126,230396,230398,230405,230738,23882,240354,24047,240873,242517,242519,243910,246779,27103,30925,319146,319817,321019,381305,381812,387510,404549,435791,53314,54519,545645,545648,545649,545650,545652,54644,56468,56619,56717,57765,60505,64930,723834,723840,74732,80859,83430,93685
GENE_SYMBOLS	Mir873a,H2-Ea,Tmem98,Nckap1l,Foxp1,Rab27a,Atp7a,Bcl3,Bcl6,Ccr6,Cd81,Ccr2,Ccr7,Eomes,F2rl1,Fcer1g,Fgl2,Gata3,H2-M3,H2-DMb1,H2-DMb2,Hlx,Hmgb1,Icam1,Ifna1,Ifna11,Ifna2,Ifna4,Ifna5,Ifna6,Ifna7,Ifna9,Ifnab,Ifnb1,Ifng,Cd74,Il12b,Il18,Il18r1,Il2,Il4,Il4ra,Il6,Il6ra,Irf1,Irf4,Itgal,Jak3,Lef1,Lgals3,Loxl3,Anxa1,Ly9,Havcr2,Smad7,Ascl2,Cd46,Mdk,Men1,Clec4d,Myb,Slc11a1,Pck1,Prkcz,Lcp1,Psen1,Psen2,Ptger4,Ripk2,Rara,Relb,Rora,Rorc,Rps6,Ccl20,Sema4a,Foxp3,Slfn2,Spn,Stat3,Stat4,Stat6,Kmt2a,Nlrp3,Tgfb1,Trp53,Tnfsf4,Zfp35,Zbtb7b,Shb,Ifna13,Ifna16,Ifne,Zc3h12a,Gadd45g,Malt1,Ccl19,Tnfsf18,Ifna15,Ifna12,Nfkbid,Il27,Eif2ak4,Slamf6,Ifnz,Rc3h2,Gpr183,Rc3h1,Cracr2a,Ifnk,Ifna14,Gm13271,Batf,Apbb1ip,Gm13283,Gm13272,Gm13276,Gm13277,Gm13275,Otud5,Socs5,Clec4e,Mtor,Tbx21,Il21,Tsc1,Mir301,Mir326,Stx11,Nfkbiz,Il23a,Entpd7
FOUNDER_NAMES	
STANDARD_NAME	GOBP_T_CELL_ACTIVATION_VIA_T_CELL_RECEPTOR_CONTACT_WITH_ANTIGEN_BOUND_TO_MHC_MOLECULE_ON_ANTIGEN_PRESENTING_CELL
SYSTEMATIC_NAME	MM4225
COLLECTION	M5:GO:BP
MSIGDB_URL	https://www.gsea-msigdb.org/gsea/msigdb/mouse/geneset/GOBP_T_CELL_ACTIVATION_VIA_T_CELL_RECEPTOR_CONTACT_WITH_ANTIGEN_BOUND_TO_MHC_MOLECULE_ON_ANTIGEN_PRESENTING_CELL
NAMESPACE	Mouse_NCBI_Gene_ID
DESCRIPTION_BRIEF	The change in morphology and behavior of a mature or immature T cell resulting from exposure to an antigen for which its T cell receptor is specific bound to an MHC molecule on an antigen presenting cell, leading to the initiation or perpetuation of an immune response. [GOC:add, ISBN:0781735149]
DESCRIPTION_FULL	
PMID	
GEOID	
AUTHORS	
CONTRIBUTOR	Gene Ontology
CONTRIBUTOR_ORG	Gene Ontology Consortium
EXACT_SOURCE	GO:0002291
FILTERED_BY_SIMILARITY	
EXTERNAL_NAMES_FOR_SIMILAR_TERMS	
EXTERNAL_DETAILS_URL	http://amigo.geneontology.org/amigo/term/GO:0002291
SOURCE_MEMBERS	12520,14190,14999,15000,15894,16408,16854,171285,54519
GENE_SYMBOLS	Cd81,Fgl2,H2-DMb1,H2-DMb2,Icam1,Itgal,Lgals3,Havcr2,Apbb1ip
FOUNDER_NAMES	
STANDARD_NAME	GOCC_IMMUNOLOGICAL_SYNAPSE
SYSTEMATIC_NAME	MM11761
COLLECTION	M5:GO:CC
MSIGDB_URL	https://www.gsea-msigdb.org/gsea/msigdb/mouse/geneset/GOCC_IMMUNOLOGICAL_SYNAPSE
NAMESPACE	Mouse_NCBI_Gene_ID
DESCRIPTION_BRIEF	An area of close contact between a lymphocyte (T-, B-, or natural killer cell) and a target cell formed through the clustering of particular signaling and adhesion molecules and their associated membrane rafts on both the lymphocyte and the target cell and facilitating activation of the lymphocyte, transfer of membrane from the target cell to the lymphocyte, and in some situations killing of the target cell through release of secretory granules and/or death-pathway ligand-receptor interaction. [GOC:mgi_curators, PMID:11244041, PMID:11376300]
DESCRIPTION_FULL	
PMID	
GEOID	
AUTHORS	
CONTRIBUTOR	Gene Ontology
CONTRIBUTOR_ORG	Gene Ontology Consortium
EXACT_SOURCE	GO:0001772
FILTERED_BY_SIMILARITY	
EXTERNAL_NAMES_FOR_SIMILAR_TERMS	
EXTERNAL_DETAILS_URL	http://amigo.geneontology.org/amigo/term/GO:0001772
SOURCE_MEMBERS	100328588,100504404,105782,108723,110315,11658,12042,12487,12493,12501,12508,12511,12520,12721,13383,14204,14969,15894,16408,16797,16818,16854,171285,17886,18003,18571,18646,18761,19084,192662,19271,20320,21577,22350,22637,234695,242594,327957,381091,381812,53331,54607,54698,57257,66592,67972,72349,74734,76742,78473
GENE_SYMBOLS	Il4i1,H2-Ea,Scrib,Card11,Trbv26,Alcam,Bcl10,Cd28,Cd37,Cd3e,Cd53,Cd6,Cd81,Coro1a,Dlg1,Il4i1,H2-Eb1,Icam1,Itgal,Lat,Lck,Lgals3,Havcr2,Myh9,Nedd9,Pdcd6ip,Prf1,Prkcq,Prkar1a,Arhgdia,Ptprj,Nptn,,Ezr,Zap70,Carmil2,Fyb2,Scimp,H2-Eb2,Cracr2a,Stx7,Socs6,Crtam,Vav3,Stoml2,Atp2b1,Dusp3,Rhoh,Snx27,Skap1
FOUNDER_NAMES	
